section,subsection,page,markers,marker_roles,name,qualifier,address,cross_reference,canvas_fragment,image
BOOKSELLERS,Bookseller—Agricultural,p. 646 (scan 674),,,Wright Henry,,51 Haymarket,,"https://cdm16445.contentdm.oclc.org/iiif/p16445coll4:27074/canvas/c673#xywh=589,3810,859,61",0001_p16445coll4:27074.jpg
BOOKSELLERS,Booksellers—Architectural & Engineering & Scientific,p. 646 (scan 674),,,Maynard Sl.,,"8 Earl's court, Leicester sq",,"https://cdm16445.contentdm.oclc.org/iiif/p16445coll4:27074/canvas/c673#xywh=590,4071,1112,54",0001_p16445coll4:27074.jpg
BOOKSELLERS,Booksellers—Architectural & Engineering & Scientific,p. 646 (scan 674),,,Reid William Henry,,15 Charing cross,,"https://cdm16445.contentdm.oclc.org/iiif/p16445coll4:27074/canvas/c673#xywh=586,4133,1081,57",0001_p16445coll4:27074.jpg
BOOKSELLERS,Booksellers—Architectural & Engineering & Scientific,p. 646 (scan 674),,,Weale John,,59 High Holborn,,"https://cdm16445.contentdm.oclc.org/iiif/p16445coll4:27074/canvas/c673#xywh=581,4196,853,57",0001_p16445coll4:27074.jpg
BOOKSELLERS,Booksellers—Architectural & Engineering & Scientific,p. 646 (scan 674),,,Williams John,,106 Gt. Russell st. Blomsb,,"https://cdm16445.contentdm.oclc.org/iiif/p16445coll4:27074/canvas/c673#xywh=583,4254,1124,69",0001_p16445coll4:27074.jpg
BOOKSELLERS,Bookseller—Botanical,p. 646 (scan 674),,,Pamplin William,,"9 Queen street, Soho",,"https://cdm16445.contentdm.oclc.org/iiif/p16445coll4:27074/canvas/c673#xywh=583,4450,1096,64",0001_p16445coll4:27074.jpg
BOOKSELLERS,Booksellers—Foreign,p. 646 (scan 674),,,Alexandre A.,,37 Gt. Russell st. Blmsbury,,"https://cdm16445.contentdm.oclc.org/iiif/p16445coll4:27074/canvas/c673#xywh=584,4709,1125,59",0001_p16445coll4:27074.jpg
BOOKSELLERS,Booksellers—Foreign,p. 646 (scan 674),,,Asher Adolphus,,158 Fleet st. & at Berlin,,"https://cdm16445.contentdm.oclc.org/iiif/p16445coll4:27074/canvas/c673#xywh=586,4775,1122,55",0001_p16445coll4:27074.jpg
BOOKSELLERS,Booksellers—Foreign,p. 646 (scan 674),,,Bagster & Marshall,american com. agents,13 Paternoster row,,"https://cdm16445.contentdm.oclc.org/iiif/p16445coll4:27074/canvas/c673#xywh=583,4834,1122,60",0001_p16445coll4:27074.jpg
BOOKSELLERS,Booksellers—Foreign,p. 646 (scan 674),,,Bailliere Hippolite,,219 Regent street,,"https://cdm16445.contentdm.oclc.org/iiif/p16445coll4:27074/canvas/c673#xywh=581,4962,1055,60",0001_p16445coll4:27074.jpg
BOOKSELLERS,Booksellers—Foreign,p. 646 (scan 674),,,Barthes & Lowell,,14 Gt. Marlborough st,,"https://cdm16445.contentdm.oclc.org/iiif/p16445coll4:27074/canvas/c673#xywh=581,5026,1126,57",0001_p16445coll4:27074.jpg
BOOKSELLERS,Booksellers—Foreign,p. 646 (scan 674),,,Black & Armstrong,,8 Wellington st. nth,,"https://cdm16445.contentdm.oclc.org/iiif/p16445coll4:27074/canvas/c673#xywh=580,5090,1125,58",0001_p16445coll4:27074.jpg
BOOKSELLERS,Booksellers—Foreign,p. 646 (scan 674),,,Bohn H. G.,,4 & 5 York st. Covent garden,,"https://cdm16445.contentdm.oclc.org/iiif/p16445coll4:27074/canvas/c673#xywh=580,5154,1126,56",0001_p16445coll4:27074.jpg
BOOKSELLERS,Booksellers—Foreign,p. 646 (scan 674),,,Bohn James,,12 King William st. Strand,,"https://cdm16445.contentdm.oclc.org/iiif/p16445coll4:27074/canvas/c673#xywh=583,5216,1124,63",0001_p16445coll4:27074.jpg
BOOKSELLERS,Booksellers—Foreign,p. 646 (scan 674),,,Bohn John,,17 Henrietta st. Covent gdn,,"https://cdm16445.contentdm.oclc.org/iiif/p16445coll4:27074/canvas/c673#xywh=580,5282,1095,63",0001_p16445coll4:27074.jpg
BOOKSELLERS,Booksellers—Foreign,p. 646 (scan 674),,,"Bossange, Barthés & Lowell",,14 Great Marlborough street,,"https://cdm16445.contentdm.oclc.org/iiif/p16445coll4:27074/canvas/c673#xywh=578,5348,1129,61",0001_p16445coll4:27074.jpg
BOOKSELLERS,Booksellers—Foreign,p. 646 (scan 674),,,Bryant John,,9 King William st. Strand,,"https://cdm16445.contentdm.oclc.org/iiif/p16445coll4:27074/canvas/c673#xywh=577,5478,1128,56",0001_p16445coll4:27074.jpg
BOOKSELLERS,Booksellers—Foreign,p. 646 (scan 674),,,Cannon G.,,2 Gt. May's blds. St. Martin's la,,"https://cdm16445.contentdm.oclc.org/iiif/p16445coll4:27074/canvas/c673#xywh=577,5540,1130,58",0001_p16445coll4:27074.jpg
BOOKSELLERS,Booksellers—Foreign,p. 646 (scan 674),,,Clark W.,,"21 Finch lane, Cornhill",,"https://cdm16445.contentdm.oclc.org/iiif/p16445coll4:27074/canvas/c673#xywh=577,5604,916,59",0001_p16445coll4:27074.jpg
BOOKSELLERS,Booksellers—Foreign,p. 646 (scan 674),,,Delaporte Mich. P.,,37 Burlington arcade,,"https://cdm16445.contentdm.oclc.org/iiif/p16445coll4:27074/canvas/c673#xywh=576,5669,1122,60",0001_p16445coll4:27074.jpg
BOOKSELLERS,Booksellers—Foreign,p. 646 (scan 674),,,Dulau A. B. & Co.,,37 Soho square,,"https://cdm16445.contentdm.oclc.org/iiif/p16445coll4:27074/canvas/c673#xywh=577,5734,979,58",0001_p16445coll4:27074.jpg
BOOKSELLERS,Booksellers—Foreign,p. 646 (scan 674),,,Harnet John,,45 Museum st. Bloomsby,,"https://cdm16445.contentdm.oclc.org/iiif/p16445coll4:27074/canvas/c673#xywh=577,5796,1095,66",0001_p16445coll4:27074.jpg
BOOKSELLERS,Booksellers—Foreign,p. 646 (scan 674),,,Hodson J. S.,,112 Fleet st. & 15 Cross st,,"https://cdm16445.contentdm.oclc.org/iiif/p16445coll4:27074/canvas/c673#xywh=577,5862,1101,53",0001_p16445coll4:27074.jpg
BOOKSELLERS,Booksellers—Foreign,p. 646 (scan 674),,,Jeffs William,,15 Burlington arcade,,"https://cdm16445.contentdm.oclc.org/iiif/p16445coll4:27074/canvas/c673#xywh=576,5924,1027,56",0001_p16445coll4:27074.jpg
BOOKSELLERS,Booksellers—Foreign,p. 646 (scan 674),,,Madden & Co.,oriental,8 Leadenhall st,,"https://cdm16445.contentdm.oclc.org/iiif/p16445coll4:27074/canvas/c673#xywh=1735,485,1109,60",0001_p16445coll4:27074.jpg
BOOKSELLERS,Booksellers—Foreign,p. 646 (scan 674),,,Miller John,american,26 Henrietta st,,"https://cdm16445.contentdm.oclc.org/iiif/p16445coll4:27074/canvas/c673#xywh=1735,551,1109,57",0001_p16445coll4:27074.jpg
BOOKSELLERS,Booksellers—Foreign,p. 646 (scan 674),,,Molini C. F.,italian,14 Paternoster rw,,"https://cdm16445.contentdm.oclc.org/iiif/p16445coll4:27074/canvas/c673#xywh=1735,615,1109,59",0001_p16445coll4:27074.jpg
BOOKSELLERS,Booksellers—Foreign,p. 646 (scan 674),,,Nutt David,,158 Fleet street,,"https://cdm16445.contentdm.oclc.org/iiif/p16445coll4:27074/canvas/c673#xywh=1735,680,778,57",0001_p16445coll4:27074.jpg
BOOKSELLERS,Booksellers—Foreign,p. 646 (scan 674),,,Rolandi Peter,,20 Berners street,,"https://cdm16445.contentdm.oclc.org/iiif/p16445coll4:27074/canvas/c673#xywh=1735,743,892,60",0001_p16445coll4:27074.jpg
BOOKSELLERS,Booksellers—Foreign,p. 646 (scan 674),,,Schloss Albert,,12 Berners street,,"https://cdm16445.contentdm.oclc.org/iiif/p16445coll4:27074/canvas/c673#xywh=1735,810,908,58",0001_p16445coll4:27074.jpg
BOOKSELLERS,Booksellers—Foreign,p. 646 (scan 674),,,Senior Charles & Henry,,49 Pall mall,,"https://cdm16445.contentdm.oclc.org/iiif/p16445coll4:27074/canvas/c673#xywh=1735,875,1048,60",0001_p16445coll4:27074.jpg
BOOKSELLERS,Booksellers—Foreign,p. 646 (scan 674),,,Wiley & Putnam,amer.,35 Paternostr. r,,"https://cdm16445.contentdm.oclc.org/iiif/p16445coll4:27074/canvas/c673#xywh=1735,938,1110,64",0001_p16445coll4:27074.jpg
BOOKSELLERS,Booksellers—Medical,p. 646 (scan 674),,,Burgess Thomas,,28 Coventry street,,"https://cdm16445.contentdm.oclc.org/iiif/p16445coll4:27074/canvas/c673#xywh=1735,1457,1015,62",0001_p16445coll4:27074.jpg
BOOKSELLERS,Booksellers—Medical,p. 646 (scan 674),,,Butler Joseph,,4 St. Thomas' st. Borough,,"https://cdm16445.contentdm.oclc.org/iiif/p16445coll4:27074/canvas/c673#xywh=1735,1519,1111,66",0001_p16445coll4:27074.jpg
BOOKSELLERS,Booksellers—Medical,p. 646 (scan 674),†,Medical Librarians,Churchill John,,16 Princes st. Leices. sq,,"https://cdm16445.contentdm.oclc.org/iiif/p16445coll4:27074/canvas/c673#xywh=1735,1582,1101,68",0001_p16445coll4:27074.jpg
BOOKSELLERS,Booksellers—Medical,p. 646 (scan 674),,,Cox Mrs. Elizh.,,13½ St. Thomas st. Boro',,"https://cdm16445.contentdm.oclc.org/iiif/p16445coll4:27074/canvas/c673#xywh=1735,1643,1106,71",0001_p16445coll4:27074.jpg
BOOKSELLERS,Booksellers—Medical,p. 646 (scan 674),,,Highly Samuel,,32 Fleet street,,"https://cdm16445.contentdm.oclc.org/iiif/p16445coll4:27074/canvas/c673#xywh=1735,1714,866,58",0001_p16445coll4:27074.jpg
BOOKSELLERS,Booksellers—Medical,p. 646 (scan 674),,,Hill T.,,55 Gt. Windmill st. Haymarket,,"https://cdm16445.contentdm.oclc.org/iiif/p16445coll4:27074/canvas/c673#xywh=1735,1778,1047,56",0001_p16445coll4:27074.jpg
BOOKSELLERS,Booksellers—Medical,p. 646 (scan 674),,,Jones Thomas,,91 Aldersgate street,,"https://cdm16445.contentdm.oclc.org/iiif/p16445coll4:27074/canvas/c673#xywh=1735,1843,975,57",0001_p16445coll4:27074.jpg
BOOKSELLERS,Booksellers—Medical,p. 646 (scan 674),†,Medical Librarians,Jackson Mrs. Harriet,,32 King st. Boro',,"https://cdm16445.contentdm.oclc.org/iiif/p16445coll4:27074/canvas/c673#xywh=1735,1907,1107,56",0001_p16445coll4:27074.jpg
BOOKSELLERS,Booksellers—Medical,p. 646 (scan 674),,,Moore Miss Jane,,9 Gower street north,,"https://cdm16445.contentdm.oclc.org/iiif/p16445coll4:27074/canvas/c673#xywh=1735,1972,1077,56",0001_p16445coll4:27074.jpg
BOOKSELLERS,Booksellers—Medical,p. 646 (scan 674),*,Publishers,Renshaw Henry,,356 Strand,,"https://cdm16445.contentdm.oclc.org/iiif/p16445coll4:27074/canvas/c673#xywh=1735,2034,820,59",0001_p16445coll4:27074.jpg
BOOKSELLERS,Booksellers—Medical,p. 646 (scan 674),,,Turner Caleb,,Church street Hackney,,"https://cdm16445.contentdm.oclc.org/iiif/p16445coll4:27074/canvas/c673#xywh=1735,2099,1063,58",0001_p16445coll4:27074.jpg
BOOKSELLERS,Booksellers—Medical,p. 646 (scan 674),,,Whiting Wm.,,"15 King street, Borough",,"https://cdm16445.contentdm.oclc.org/iiif/p16445coll4:27074/canvas/c673#xywh=1735,2163,1081,61",0001_p16445coll4:27074.jpg
BOOKSELLERS,Booksellers—Theological,p. 646 (scan 674),,,Darling Jas.,,21 & 22 Lit. Queen st. Holborn,,"https://cdm16445.contentdm.oclc.org/iiif/p16445coll4:27074/canvas/c673#xywh=1735,2356,1111,56",0001_p16445coll4:27074.jpg
BOOKSELLERS,Booksellers—Theological,p. 646 (scan 674),,,Leslie John,,52 Gt. Queen st. Lin. inn fi,,"https://cdm16445.contentdm.oclc.org/iiif/p16445coll4:27074/canvas/c673#xywh=1735,2419,1110,58",0001_p16445coll4:27074.jpg
BOOKSELLERS,Booksellers—Theological,p. 646 (scan 674),,,Stewart Chas. J.,,11 King Wm. st. Strand,,"https://cdm16445.contentdm.oclc.org/iiif/p16445coll4:27074/canvas/c673#xywh=1735,2484,1111,58",0001_p16445coll4:27074.jpg
BOOKSELLERS,Booksellers—Theological,p. 646 (scan 674),,,Straker William,,443 Strand,,"https://cdm16445.contentdm.oclc.org/iiif/p16445coll4:27074/canvas/c673#xywh=1735,2548,811,56",0001_p16445coll4:27074.jpg
BOOKSELLERS,Booksellers in General,p. 646 (scan 674),,,Aaron Mrs. R.,,10 Goodman's stile,,"https://cdm16445.contentdm.oclc.org/iiif/p16445coll4:27074/canvas/c673#xywh=1735,3560,962,51",0001_p16445coll4:27074.jpg
BOOKSELLERS,Booksellers in General,p. 646 (scan 674),‖†‡¶,General Stationers; Publishers; Fancy Stationers; Printsellers,Ackermann & Co.,,96 Strand,,"https://cdm16445.contentdm.oclc.org/iiif/p16445coll4:27074/canvas/c673#xywh=1735,3624,910,54",0001_p16445coll4:27074.jpg
BOOKSELLERS,Booksellers in General,p. 646 (scan 674),¶,Printsellers,Adamson Ch.,,25 Bedford st. Cov. gardn,,"https://cdm16445.contentdm.oclc.org/iiif/p16445coll4:27074/canvas/c673#xywh=1735,3686,1111,57",0001_p16445coll4:27074.jpg
BOOKSELLERS,Booksellers in General,p. 646 (scan 674),†,Publishers,Aitken William,,172 Fleet street,,"https://cdm16445.contentdm.oclc.org/iiif/p16445coll4:27074/canvas/c673#xywh=1735,3747,932,61",0001_p16445coll4:27074.jpg
BOOKSELLERS,Booksellers in General,p. 646 (scan 674),,,Akerman S. C.,,4 Greville st. Hatton gar,,"https://cdm16445.contentdm.oclc.org/iiif/p16445coll4:27074/canvas/c673#xywh=1735,3810,1111,63",0001_p16445coll4:27074.jpg
BOOKSELLERS,Booksellers in General,p. 646 (scan 674),†,Publishers,Allen James,,19 Warwick la. Ptnstr. row,,"https://cdm16445.contentdm.oclc.org/iiif/p16445coll4:27074/canvas/c673#xywh=1735,3873,1111,64",0001_p16445coll4:27074.jpg
BOOKSELLERS,Booksellers in General,p. 646 (scan 674),§‖‡ab,Librarians; General Stationers; Fancy Stationers; Newsvenders; Account-book makers,Allason William,,31 New Bond street,,"https://cdm16445.contentdm.oclc.org/iiif/p16445coll4:27074/canvas/c673#xywh=1735,3937,1111,63",0001_p16445coll4:27074.jpg
BOOKSELLERS,Booksellers in General,p. 646 (scan 674),†‖,Publishers; General Stationers,Allen Wm. H. & Co.,,7 Leadenhall street,,"https://cdm16445.contentdm.oclc.org/iiif/p16445coll4:27074/canvas/c673#xywh=1735,3995,1111,70",0001_p16445coll4:27074.jpg
BOOKSELLERS,Booksellers in General,p. 646 (scan 674),,,Allen Mrs. Rebecca,,65 Sun st. Bishopsgt,,"https://cdm16445.contentdm.oclc.org/iiif/p16445coll4:27074/canvas/c673#xywh=1735,4063,1111,60",0001_p16445coll4:27074.jpg
BOOKSELLERS,Booksellers in General,p. 646 (scan 674),†,Publishers,Allman Thomas,,42 Holborn hill,,"https://cdm16445.contentdm.oclc.org/iiif/p16445coll4:27074/canvas/c673#xywh=1735,4127,935,62",0001_p16445coll4:27074.jpg
BOOKSELLERS,Booksellers in General,p. 646 (scan 674),‖,General Stationers,Allum Manoah,,29 Brick la. Spitalfields,,"https://cdm16445.contentdm.oclc.org/iiif/p16445coll4:27074/canvas/c673#xywh=1735,4193,1111,60",0001_p16445coll4:27074.jpg
BOOKSELLERS,Booksellers in General,p. 646 (scan 674),‖,General Stationers,Anyon S. F. & S.,,19 New st. Dorset sq,,"https://cdm16445.contentdm.oclc.org/iiif/p16445coll4:27074/canvas/c673#xywh=1735,4320,1111,61",0001_p16445coll4:27074.jpg
BOOKSELLERS,Booksellers in General,p. 646 (scan 674),,,Appleton Daniel & Co.,,16 Little Britain,,"https://cdm16445.contentdm.oclc.org/iiif/p16445coll4:27074/canvas/c673#xywh=1735,4387,1109,56",0001_p16445coll4:27074.jpg
BOOKSELLERS,Booksellers in General,p. 646 (scan 674),,,Archer William,,88 Berwick st. Soho,,"https://cdm16445.contentdm.oclc.org/iiif/p16445coll4:27074/canvas/c673#xywh=1735,4451,1048,56",0001_p16445coll4:27074.jpg
BOOKSELLERS,Booksellers in General,p. 646 (scan 674),§a‖,Librarians; Newsvenders; General Stationers,Arnold Henry,,45 Marchmont street,,"https://cdm16445.contentdm.oclc.org/iiif/p16445coll4:27074/canvas/c673#xywh=1735,4513,1072,60",0001_p16445coll4:27074.jpg
BOOKSELLERS,Booksellers in General,p. 646 (scan 674),†*,Publishers; Printers,Ascham John James,,71 Chancery lane,,"https://cdm16445.contentdm.oclc.org/iiif/p16445coll4:27074/canvas/c673#xywh=1735,4577,1109,63",0001_p16445coll4:27074.jpg
BOOKSELLERS,Booksellers in General,p. 646 (scan 674),‖†¶,General Stationers; Publishers; Printsellers,Ashley James,,37 Haymarket,,"https://cdm16445.contentdm.oclc.org/iiif/p16445coll4:27074/canvas/c673#xywh=1735,4645,926,56",0001_p16445coll4:27074.jpg
BOOKSELLERS,Booksellers in General,p. 646 (scan 674),,,Barker James,,19 Throgmorton street,,"https://cdm16445.contentdm.oclc.org/iiif/p16445coll4:27074/canvas/c673#xywh=1735,5413,1053,63",0001_p16445coll4:27074.jpg
BOOKSELLERS,Booksellers in General,p. 646 (scan 674),,,Barnett H.,Hebrew,2 St. James's pl. Aldg,,"https://cdm16445.contentdm.oclc.org/iiif/p16445coll4:27074/canvas/c673#xywh=1735,5478,1110,60",0001_p16445coll4:27074.jpg
BOOKSELLERS,Booksellers in General,p. 646 (scan 674),†,Publishers,Barritt & Co.,bible,173 Fleet street,,"https://cdm16445.contentdm.oclc.org/iiif/p16445coll4:27074/canvas/c673#xywh=1735,5540,1055,61",0001_p16445coll4:27074.jpg
BOOKSELLERS,Booksellers in General,p. 646 (scan 674),†,Publishers,Barrow John Henry,,11 Parliament st,,"https://cdm16445.contentdm.oclc.org/iiif/p16445coll4:27074/canvas/c673#xywh=1735,5605,1067,60",0001_p16445coll4:27074.jpg
BOOKSELLERS,Booksellers in General,p. 646 (scan 674),,,Baseley Henry E.,,9 Old Broad street,,"https://cdm16445.contentdm.oclc.org/iiif/p16445coll4:27074/canvas/c673#xywh=1735,5667,1031,63",0001_p16445coll4:27074.jpg
BOOKSELLERS,Booksellers in General,p. 646 (scan 674),,,Bateman Thomas,,14 Goodge street,,"https://cdm16445.contentdm.oclc.org/iiif/p16445coll4:27074/canvas/c673#xywh=1735,5799,977,56",0001_p16445coll4:27074.jpg
BOOKSELLERS,Booksellers in General,p. 646 (scan 674),,,Baynes Hen.,,40 St. John sq. Clerkenwell,,"https://cdm16445.contentdm.oclc.org/iiif/p16445coll4:27074/canvas/c673#xywh=1735,5923,1111,63",0001_p16445coll4:27074.jpg
BOOKSELLERS,Booksellers in General,p. 646 (scan 674),‖,General Stationers,Andrews John,,167 New Bond street,,"https://cdm16445.contentdm.oclc.org/iiif/p16445coll4:27074/canvas/c673#xywh=1740,4252,1058,59",0001_p16445coll4:27074.jpg
BOOKSELLERS,Booksellers in General,p. 646 (scan 674),‖§,General Stationers; Librarians,Atkinson Thomas,,46 Judd street,,"https://cdm16445.contentdm.oclc.org/iiif/p16445coll4:27074/canvas/c673#xywh=1735,4691,991,73",0001_p16445coll4:27074.jpg
BOOKSELLERS,Booksellers in General,p. 646 (scan 674),‖,General Stationers,Attwood Mrs. M.,,39 Gt. Castle st. Rgt. st,,"https://cdm16445.contentdm.oclc.org/iiif/p16445coll4:27074/canvas/c673#xywh=1735,4770,1090,61",0001_p16445coll4:27074.jpg
BOOKSELLERS,Booksellers in General,p. 646 (scan 674),†,Publishers,Bagster Samuel,,15 Paternoster row,,"https://cdm16445.contentdm.oclc.org/iiif/p16445coll4:27074/canvas/c673#xywh=1735,4838,1044,55",0001_p16445coll4:27074.jpg
BOOKSELLERS,Booksellers in General,p. 646 (scan 674),†*‖b,Publishers; Printers; General Stationers; Account-book makers,Baily Alfred H. & Co.,,83 Cornhill,,"https://cdm16445.contentdm.oclc.org/iiif/p16445coll4:27074/canvas/c673#xywh=1735,4900,1057,62",0001_p16445coll4:27074.jpg
BOOKSELLERS,Booksellers in General,p. 646 (scan 674),d,Foreign Booksellers,Bain James,,1 Haymarket,,"https://cdm16445.contentdm.oclc.org/iiif/p16445coll4:27074/canvas/c673#xywh=1735,4965,772,58",0001_p16445coll4:27074.jpg
BOOKSELLERS,Booksellers in General,p. 646 (scan 674),,,Baldock Robert,,85 High Holborn,,"https://cdm16445.contentdm.oclc.org/iiif/p16445coll4:27074/canvas/c673#xywh=1735,5028,952,60",0001_p16445coll4:27074.jpg
BOOKSELLERS,Booksellers in General,p. 646 (scan 674),†,Publishers,Baldwin & Cradock,,47 Paternoster rw,,"https://cdm16445.contentdm.oclc.org/iiif/p16445coll4:27074/canvas/c673#xywh=1735,5092,1074,61",0001_p16445coll4:27074.jpg
BOOKSELLERS,Booksellers in General,p. 646 (scan 674),†,Publishers,Ball Wm. & Co.,,34 Paternoster row,,"https://cdm16445.contentdm.oclc.org/iiif/p16445coll4:27074/canvas/c673#xywh=1735,5157,1021,59",0001_p16445coll4:27074.jpg
BOOKSELLERS,Booksellers in General,p. 646 (scan 674),§,Librarians,Ballard William,,"7 Hayes court, Soho",,"https://cdm16445.contentdm.oclc.org/iiif/p16445coll4:27074/canvas/c673#xywh=1735,5220,1072,64",0001_p16445coll4:27074.jpg
BOOKSELLERS,Booksellers in General,p. 646 (scan 674),,,Balmain George,,11 Wilderness row,,"https://cdm16445.contentdm.oclc.org/iiif/p16445coll4:27074/canvas/c673#xywh=1735,5285,1027,66",0001_p16445coll4:27074.jpg
BOOKSELLERS,Booksellers in General,p. 646 (scan 674),†,Publishers,Bancks Thos. & Co.,,49 Paternoster row,,"https://cdm16445.contentdm.oclc.org/iiif/p16445coll4:27074/canvas/c673#xywh=1714,5356,1121,46",0001_p16445coll4:27074.jpg
BOOKSELLERS,Booksellers in General,p. 646 (scan 674),†,Publishers,Baynes Richard,,28 Paternoster row,,"https://cdm16445.contentdm.oclc.org/iiif/p16445coll4:27074/canvas/c673#xywh=2841,494,1055,55",0001_p16445coll4:27074.jpg
BOOKSELLERS,Booksellers in General,p. 646 (scan 674),†,Publishers,Bell George,,186 Fleet street,,"https://cdm16445.contentdm.oclc.org/iiif/p16445coll4:27074/canvas/c673#xywh=2848,556,832,55",0001_p16445coll4:27074.jpg
BOOKSELLERS,Booksellers in General,p. 646 (scan 674),a,Newsvenders,Bell James,,"11 Finch lane, Cornhil",,"https://cdm16445.contentdm.oclc.org/iiif/p16445coll4:27074/canvas/c673#xywh=2851,617,1014,61",0001_p16445coll4:27074.jpg
BOOKSELLERS,Booksellers in General,p. 646 (scan 674),,,Bellchamber J.,,"33 A, King st. Westmnstr",,"https://cdm16445.contentdm.oclc.org/iiif/p16445coll4:27074/canvas/c673#xywh=2851,681,1111,64",0001_p16445coll4:27074.jpg
BOOKSELLERS,Booksellers in General,p. 646 (scan 674),§,Librarians,Bennet Edm.,,22 Gt. Knightrider street,,"https://cdm16445.contentdm.oclc.org/iiif/p16445coll4:27074/canvas/c673#xywh=2855,749,1107,56",0001_p16445coll4:27074.jpg
BOOKSELLERS,Booksellers in General,p. 646 (scan 674),,,Bennett Thomas,,4 Copthall buildings,,"https://cdm16445.contentdm.oclc.org/iiif/p16445coll4:27074/canvas/c673#xywh=2855,815,1064,55",0001_p16445coll4:27074.jpg
BOOKSELLERS,Booksellers in General,p. 646 (scan 674),†,Publishers,Bennett Wm.,,4 Three tuns pas. Nwg. st,,"https://cdm16445.contentdm.oclc.org/iiif/p16445coll4:27074/canvas/c673#xywh=2855,874,1105,59",0001_p16445coll4:27074.jpg
BOOKSELLERS,Booksellers in General,p. 646 (scan 674),,,Betts John,,7 Compton st. Brunswick sq,,"https://cdm16445.contentdm.oclc.org/iiif/p16445coll4:27074/canvas/c673#xywh=2854,1069,1106,56",0001_p16445coll4:27074.jpg
BOOKSELLERS,Booksellers in General,p. 646 (scan 674),,,Bickers H.,,9 Leicester st. & 1 Leicester sq,,"https://cdm16445.contentdm.oclc.org/iiif/p16445coll4:27074/canvas/c673#xywh=2857,1133,1104,57",0001_p16445coll4:27074.jpg
BOOKSELLERS,Booksellers in General,p. 646 (scan 674),,,Bigg James,,34 Holywell st. Millbank,,"https://cdm16445.contentdm.oclc.org/iiif/p16445coll4:27074/canvas/c673#xywh=2858,1195,1061,61",0001_p16445coll4:27074.jpg
BOOKSELLERS,Booksellers in General,p. 646 (scan 674),‖,General Stationers,Bigg James & Son,,53 Parliament street,,"https://cdm16445.contentdm.oclc.org/iiif/p16445coll4:27074/canvas/c673#xywh=2858,1258,1112,61",0001_p16445coll4:27074.jpg
BOOKSELLERS,Booksellers in General,p. 646 (scan 674),§‖,Librarians; General Stationers,Billinghurst John,,"24 Brixton place & 3 Chapterhouse court, St. Paul's",,"https://cdm16445.contentdm.oclc.org/iiif/p16445coll4:27074/canvas/c673#xywh=2857,1322,1108,61",0001_p16445coll4:27074.jpg
BOOKSELLERS,Booksellers in General,p. 646 (scan 674),*‖ab,Printers; General Stationers; Newsvenders; Account-book makers,Bingham C. E.,,62 Mount st. Berkl. sq,,"https://cdm16445.contentdm.oclc.org/iiif/p16445coll4:27074/canvas/c673#xywh=2860,1450,1112,63",0001_p16445coll4:27074.jpg
BOOKSELLERS,Booksellers in General,p. 646 (scan 674),‖b,General Stationers; Account-book makers,Birkett Richard,,27 Norton folgate,,"https://cdm16445.contentdm.oclc.org/iiif/p16445coll4:27074/canvas/c673#xywh=2861,1518,1029,55",0001_p16445coll4:27074.jpg
BOOKSELLERS,Booksellers in General,p. 646 (scan 674),,,Blake Benjamin,,"13 Bell yard, Temple bar",,"https://cdm16445.contentdm.oclc.org/iiif/p16445coll4:27074/canvas/c673#xywh=2860,1644,1106,57",0001_p16445coll4:27074.jpg
BOOKSELLERS,Booksellers in General,p. 646 (scan 674),,,Bohn Hen. G.,,4 & 5 York st. Covent garden,,"https://cdm16445.contentdm.oclc.org/iiif/p16445coll4:27074/canvas/c673#xywh=2860,1709,1108,56",0001_p16445coll4:27074.jpg
BOOKSELLERS,Booksellers in General,p. 646 (scan 674),,,Bohn Jas.,,"12 King William street, Strand",,"https://cdm16445.contentdm.oclc.org/iiif/p16445coll4:27074/canvas/c673#xywh=2857,1770,1117,60",0001_p16445coll4:27074.jpg
BOOKSELLERS,Booksellers in General,p. 646 (scan 674),,,Bohn John,,17 Henrietta st. Covent grdn,,"https://cdm16445.contentdm.oclc.org/iiif/p16445coll4:27074/canvas/c673#xywh=2855,1835,1118,60",0001_p16445coll4:27074.jpg
BOOKSELLERS,Booksellers in General,p. 646 (scan 674),†,Publishers,Boone Thos. & Wm.,,29 New Bond street,,"https://cdm16445.contentdm.oclc.org/iiif/p16445coll4:27074/canvas/c673#xywh=2855,1901,1121,55",0001_p16445coll4:27074.jpg
BOOKSELLERS,Booksellers in General,p. 646 (scan 674),‖,General Stationers,Booth Lionel,,Duke st. Portland place,,"https://cdm16445.contentdm.oclc.org/iiif/p16445coll4:27074/canvas/c673#xywh=2855,1964,1094,59",0001_p16445coll4:27074.jpg
BOOKSELLERS,Booksellers in General,p. 646 (scan 674),§,Librarians,Boswood Miss M.,,4 York pl. Islington,,"https://cdm16445.contentdm.oclc.org/iiif/p16445coll4:27074/canvas/c673#xywh=2853,2026,1092,62",0001_p16445coll4:27074.jpg
BOOKSELLERS,Booksellers in General,p. 646 (scan 674),‖‡¶b,General Stationers; Fancy Stationers; Printsellers; Account-book makers,Bowdery & Kerby,,190 Oxford st,,"https://cdm16445.contentdm.oclc.org/iiif/p16445coll4:27074/canvas/c673#xywh=2852,2087,1065,72",0001_p16445coll4:27074.jpg
BOOKSELLERS,Booksellers in General,p. 646 (scan 674),‖,General Stationers,Bowron George,,"213 Oxford street & 11 Dartmouth street, Westminster",,"https://cdm16445.contentdm.oclc.org/iiif/p16445coll4:27074/canvas/c673#xywh=2852,2155,1126,61",0001_p16445coll4:27074.jpg
BOOKSELLERS,Booksellers in General,p. 646 (scan 674),§‡,Librarians; Fancy Stationers,Boyce Fred.,,25 Motcomb st. Belgrave sq,,"https://cdm16445.contentdm.oclc.org/iiif/p16445coll4:27074/canvas/c673#xywh=2863,2283,1113,61",0001_p16445coll4:27074.jpg
BOOKSELLERS,Booksellers in General,p. 646 (scan 674),§,Librarians,Boyls Mrs. R.,,16 Grey st. Oxford st,,"https://cdm16445.contentdm.oclc.org/iiif/p16445coll4:27074/canvas/c673#xywh=2864,2348,1035,58",0001_p16445coll4:27074.jpg
BOOKSELLERS,Booksellers in General,p. 646 (scan 674),§‖,Librarians; General Stationers,Bradbery Mrs. S.,,2 Michael's pl. Bromp,,"https://cdm16445.contentdm.oclc.org/iiif/p16445coll4:27074/canvas/c673#xywh=2863,2409,1109,63",0001_p16445coll4:27074.jpg
BOOKSELLERS,Booksellers in General,p. 646 (scan 674),‖,General Stationers,Braithwaite C.,,130 Mount st. Bkly. sq,,"https://cdm16445.contentdm.oclc.org/iiif/p16445coll4:27074/canvas/c673#xywh=2865,2477,1103,56",0001_p16445coll4:27074.jpg
BOOKSELLERS,Booksellers in General,p. 646 (scan 674),§‖,Librarians; General Stationers,Brassington & Field,,27 High st. Knsngtn,,"https://cdm16445.contentdm.oclc.org/iiif/p16445coll4:27074/canvas/c673#xywh=2863,2542,1107,55",0001_p16445coll4:27074.jpg
BOOKSELLERS,Booksellers in General,p. 646 (scan 674),‖¶a,General Stationers; Printsellers; Newsvenders,Brittain & Co.,,73 Blackman street,,"https://cdm16445.contentdm.oclc.org/iiif/p16445coll4:27074/canvas/c673#xywh=2868,2606,1077,54",0001_p16445coll4:27074.jpg
BOOKSELLERS,Booksellers in General,p. 646 (scan 674),†,Publishers,Brittain William,,11 Paternoster row,,"https://cdm16445.contentdm.oclc.org/iiif/p16445coll4:27074/canvas/c673#xywh=2868,2668,1054,57",0001_p16445coll4:27074.jpg
BOOKSELLERS,Booksellers in General,p. 646 (scan 674),,,Britten Wm.,,"7 Russell court, Drury la",,"https://cdm16445.contentdm.oclc.org/iiif/p16445coll4:27074/canvas/c673#xywh=2868,2732,1077,55",0001_p16445coll4:27074.jpg
BOOKSELLERS,Booksellers in General,p. 646 (scan 674),‖,General Stationers,Brooks Henry,,87 New Bond street,,"https://cdm16445.contentdm.oclc.org/iiif/p16445coll4:27074/canvas/c673#xywh=2870,2793,1026,63",0001_p16445coll4:27074.jpg
BOOKSELLERS,Booksellers in General,p. 646 (scan 674),‖†,General Stationers; Publishers,Brooks Henry,,319 Regent street,,"https://cdm16445.contentdm.oclc.org/iiif/p16445coll4:27074/canvas/c673#xywh=2871,2857,985,60",0001_p16445coll4:27074.jpg
BOOKSELLERS,Booksellers in General,p. 646 (scan 674),*†,Printers; Publishers,Brown Mrs. Jane,,10 Duke st. Manch. sq,,"https://cdm16445.contentdm.oclc.org/iiif/p16445coll4:27074/canvas/c673#xywh=2870,2923,1098,55",0001_p16445coll4:27074.jpg
BOOKSELLERS,Booksellers in General,p. 646 (scan 674),,,Brown William,,104 High Holborn,,"https://cdm16445.contentdm.oclc.org/iiif/p16445coll4:27074/canvas/c673#xywh=2871,2988,981,54",0001_p16445coll4:27074.jpg
BOOKSELLERS,Booksellers in General,p. 646 (scan 674),,,Brown William,,130 Old st. St. Luke's,,"https://cdm16445.contentdm.oclc.org/iiif/p16445coll4:27074/canvas/c673#xywh=2871,3050,1061,56",0001_p16445coll4:27074.jpg
BOOKSELLERS,Booksellers in General,p. 646 (scan 674),,,Brumby John,,24 Haymrkt. & 1 Panton st,,"https://cdm16445.contentdm.oclc.org/iiif/p16445coll4:27074/canvas/c673#xywh=2870,3115,1102,54",0001_p16445coll4:27074.jpg
BOOKSELLERS,Booksellers in General,p. 646 (scan 674),d,Foreign Booksellers,Bryant John,,9 King William st. Strand,,"https://cdm16445.contentdm.oclc.org/iiif/p16445coll4:27074/canvas/c673#xywh=1781,3432,970,54",0001_p16445coll4:27074.jpg
BOOKSELLERS,Booksellers in General,p. 646 (scan 674),†§,Publishers; Librarians,Bull Edward,,19 Holles st. Cavendish sq,,"https://cdm16445.contentdm.oclc.org/iiif/p16445coll4:27074/canvas/c673#xywh=2867,3241,1099,57",0001_p16445coll4:27074.jpg
BOOKSELLERS,Booksellers in General,p. 646 (scan 674),a,Newsvenders,Bullock William,,3 Clerkenwell green,,"https://cdm16445.contentdm.oclc.org/iiif/p16445coll4:27074/canvas/c673#xywh=2867,3303,1084,63",0001_p16445coll4:27074.jpg
BOOKSELLERS,Booksellers in General,p. 646 (scan 674),*§‖ab,Printers; Librarians; General Stationers; Newsvenders; Account-book makers,Bult Benjn. E.,,25 New Quebec st,,"https://cdm16445.contentdm.oclc.org/iiif/p16445coll4:27074/canvas/c673#xywh=2862,3368,1081,62",0001_p16445coll4:27074.jpg
BOOKSELLERS,Booksellers in General,p. 646 (scan 674),‖,General Stationers,Bumpus Thomas,,6 Holborn bars,,"https://cdm16445.contentdm.oclc.org/iiif/p16445coll4:27074/canvas/c673#xywh=2869,3433,956,58",0001_p16445coll4:27074.jpg
BOOKSELLERS,Booksellers in General,p. 646 (scan 674),‖,General Stationers,Bunce Wm.,,8 Charles st. Westminster,,"https://cdm16445.contentdm.oclc.org/iiif/p16445coll4:27074/canvas/c673#xywh=2870,3497,1105,56",0001_p16445coll4:27074.jpg
BOOKSELLERS,Booksellers in General,p. 646 (scan 674),†,Publishers,Blackie John & Son,,21 Warwick square,,"https://cdm16445.contentdm.oclc.org/iiif/p16445coll4:27074/canvas/c673#xywh=2852,1579,1132,59",0001_p16445coll4:27074.jpg
BOOKSELLERS,Booksellers in General,p. 646 (scan 674),†‖,Publishers; General Stationers,Burns Jas.,,17 Portman st. Portman sq,,"https://cdm16445.contentdm.oclc.org/iiif/p16445coll4:27074/canvas/c673#xywh=2852,3680,1128,83",0001_p16445coll4:27074.jpg
BOOKSELLERS,Booksellers in General,p. 646 (scan 674),†§‖¶,Publishers; Librarians; General Stationers; Printsellers,Churton Edward,,26 Holles street,,"https://cdm16445.contentdm.oclc.org/iiif/p16445coll4:27074/canvas/c673#xywh=2847,5285,1099,76",0001_p16445coll4:27074.jpg
BOOKSELLERS,Booksellers in General,p. 646 (scan 674),‖,General Stationers,Bateman Mrs. Mary A.,,16 Bucklesbury,,"https://cdm16445.contentdm.oclc.org/iiif/p16445coll4:27074/canvas/c673#xywh=1730,5733,1121,52",0001_p16445coll4:27074.jpg
BOOKSELLERS,Booksellers in General,p. 646 (scan 674),†,Publishers,Baynes Wm. & Son,,54 Paternoster row,,"https://cdm16445.contentdm.oclc.org/iiif/p16445coll4:27074/canvas/c673#xywh=1704,5863,1137,61",0001_p16445coll4:27074.jpg
BOOKSELLERS,Booksellers in General,p. 647 (scan 675),*†,Printers; Publishers,Coghlan F.,,5 Brydges st. & 457 Strand,,"https://cdm16445.contentdm.oclc.org/iiif/p16445coll4:27075/canvas/c674#xywh=678,474,3246,60",0002_p16445coll4:27075.jpg
BOOKSELLERS,Booksellers in General,p. 647 (scan 675),†,Publishers,Colburn Henry,,13 Gt. Marlborough st,,"https://cdm16445.contentdm.oclc.org/iiif/p16445coll4:27075/canvas/c674#xywh=564,534,3390,62",0002_p16445coll4:27075.jpg
BOOKSELLERS,Booksellers in General,p. 647 (scan 675),‖,General Stationers,Cole Joseph,,London street Greenwich,,"https://cdm16445.contentdm.oclc.org/iiif/p16445coll4:27075/canvas/c674#xywh=567,659,3385,72",0002_p16445coll4:27075.jpg
BOOKSELLERS,Booksellers in General,p. 647 (scan 675),‖,General Stationers,Collins Miss Julia,,29 Orchard street,,"https://cdm16445.contentdm.oclc.org/iiif/p16445coll4:27075/canvas/c674#xywh=571,725,3384,71",0002_p16445coll4:27075.jpg
BOOKSELLERS,Booksellers in General,p. 647 (scan 675),‖,General Stationers,Collins Samuel,,84 St. John street rd,,"https://cdm16445.contentdm.oclc.org/iiif/p16445coll4:27075/canvas/c674#xywh=568,792,3383,64",0002_p16445coll4:27075.jpg
BOOKSELLERS,Booksellers in General,p. 647 (scan 675),‖,General Stationers,Collyer E. & A.,,5 Prospect pl. Chelsea,,"https://cdm16445.contentdm.oclc.org/iiif/p16445coll4:27075/canvas/c674#xywh=568,856,3349,68",0002_p16445coll4:27075.jpg
BOOKSELLERS,Booksellers in General,p. 647 (scan 675),,,Corbett Thomas,,218 Tottenham ct. rd,,"https://cdm16445.contentdm.oclc.org/iiif/p16445coll4:27075/canvas/c674#xywh=568,926,2086,58",0002_p16445coll4:27075.jpg
BOOKSELLERS,Booksellers in General,p. 647 (scan 675),†,Publishers,Cornish Samuel & Co.,,126 Newgate st,,"https://cdm16445.contentdm.oclc.org/iiif/p16445coll4:27075/canvas/c674#xywh=560,988,2125,64",0002_p16445coll4:27075.jpg
BOOKSELLERS,Booksellers in General,p. 647 (scan 675),,,Courtier Charles,,3 Bouverie street,,"https://cdm16445.contentdm.oclc.org/iiif/p16445coll4:27075/canvas/c674#xywh=566,1119,1043,61",0002_p16445coll4:27075.jpg
BOOKSELLERS,Booksellers in General,p. 647 (scan 675),‖,General Stationers,Cowel Jas. W.,,6 Waterloo ter. Comrl. rd. ea,,"https://cdm16445.contentdm.oclc.org/iiif/p16445coll4:27075/canvas/c674#xywh=575,1178,3319,66",0002_p16445coll4:27075.jpg
BOOKSELLERS,Booksellers in General,p. 647 (scan 675),‖*,General Stationers; Printers,Cowell Joseph,,"23 Queen's row, Pimlico",,"https://cdm16445.contentdm.oclc.org/iiif/p16445coll4:27075/canvas/c674#xywh=572,1248,3371,58",0002_p16445coll4:27075.jpg
BOOKSELLERS,Booksellers in General,p. 647 (scan 675),‖,General Stationers,"Cowie, Jolland & Co.",,31 Poultry,,"https://cdm16445.contentdm.oclc.org/iiif/p16445coll4:27075/canvas/c674#xywh=564,1315,952,54",0002_p16445coll4:27075.jpg
BOOKSELLERS,Booksellers in General,p. 647 (scan 675),,,Coxhead Joseph,,249 High Holborn,,"https://cdm16445.contentdm.oclc.org/iiif/p16445coll4:27075/canvas/c674#xywh=568,1378,1016,55",0002_p16445coll4:27075.jpg
BOOKSELLERS,Booksellers in General,p. 647 (scan 675),,,Crabb James A.,,80 Cheapside,,"https://cdm16445.contentdm.oclc.org/iiif/p16445coll4:27075/canvas/c674#xywh=564,1443,869,54",0002_p16445coll4:27075.jpg
BOOKSELLERS,Booksellers in General,p. 647 (scan 675),†,Publishers,Cradock T. M. & Co.,,48 Paternoster rw,,"https://cdm16445.contentdm.oclc.org/iiif/p16445coll4:27075/canvas/c674#xywh=553,1505,3401,58",0002_p16445coll4:27075.jpg
BOOKSELLERS,Booksellers in General,p. 647 (scan 675),‖*,General Stationers; Printers,Cresswell John,,121 Crawford street,,"https://cdm16445.contentdm.oclc.org/iiif/p16445coll4:27075/canvas/c674#xywh=563,1567,3210,64",0002_p16445coll4:27075.jpg
BOOKSELLERS,Booksellers in General,p. 647 (scan 675),*§‖b,Printers; Librarians; General Stationers; Account-book makers,Crew Francis,,27 Lamb's Conduit st,,"https://cdm16445.contentdm.oclc.org/iiif/p16445coll4:27075/canvas/c674#xywh=553,1635,3280,56",0002_p16445coll4:27075.jpg
BOOKSELLERS,Booksellers in General,p. 647 (scan 675),,,Crick Mrs. Susanna,,"Broadway, Stratfrd",,"https://cdm16445.contentdm.oclc.org/iiif/p16445coll4:27075/canvas/c674#xywh=556,1693,3304,71",0002_p16445coll4:27075.jpg
BOOKSELLERS,Booksellers in General,p. 647 (scan 675),†,Publishers,Crofts William,,19 Chancery lane,,"https://cdm16445.contentdm.oclc.org/iiif/p16445coll4:27075/canvas/c674#xywh=557,1766,1035,52",0002_p16445coll4:27075.jpg
BOOKSELLERS,Booksellers in General,p. 647 (scan 675),,,Crouch Geo.,,"5 Tudor st. & 1 Crown ct. Bridge street, Blackfriars",,"https://cdm16445.contentdm.oclc.org/iiif/p16445coll4:27075/canvas/c674#xywh=561,1830,3143,56",0002_p16445coll4:27075.jpg
BOOKSELLERS,Booksellers in General,p. 647 (scan 675),,,Crozier Robt.,,29 Bow st. Covent garden,,"https://cdm16445.contentdm.oclc.org/iiif/p16445coll4:27075/canvas/c674#xywh=553,1956,3397,57",0002_p16445coll4:27075.jpg
BOOKSELLERS,Booksellers in General,p. 647 (scan 675),‖,General Stationers,Cummins Mrs. H.,,"80 New cut, Lambeth",,"https://cdm16445.contentdm.oclc.org/iiif/p16445coll4:27075/canvas/c674#xywh=553,2084,3397,56",0002_p16445coll4:27075.jpg
BOOKSELLERS,Booksellers in General,p. 647 (scan 675),†‖,Publishers; General Stationers,Dalton Wm. Henry,,28 Cockspur st,,"https://cdm16445.contentdm.oclc.org/iiif/p16445coll4:27075/canvas/c674#xywh=552,2207,3403,66",0002_p16445coll4:27075.jpg
BOOKSELLERS,Booksellers in General,p. 647 (scan 675),†,Publishers,Daly Charles,,19 Red Lion sq. Holborn,,"https://cdm16445.contentdm.oclc.org/iiif/p16445coll4:27075/canvas/c674#xywh=560,2272,3224,62",0002_p16445coll4:27075.jpg
BOOKSELLERS,Booksellers in General,p. 647 (scan 675),‖a,General Stationers; Newsvenders,Daniel Richd.,,2 King st. Covent garden,,"https://cdm16445.contentdm.oclc.org/iiif/p16445coll4:27075/canvas/c674#xywh=555,2332,3401,73",0002_p16445coll4:27075.jpg
BOOKSELLERS,Booksellers in General,p. 647 (scan 675),,,Daniell Edward,,53 Mortimer street,,"https://cdm16445.contentdm.oclc.org/iiif/p16445coll4:27075/canvas/c674#xywh=550,2399,1030,62",0002_p16445coll4:27075.jpg
BOOKSELLERS,Booksellers in General,p. 647 (scan 675),,,Davis Charles,,48 Coleman street,,"https://cdm16445.contentdm.oclc.org/iiif/p16445coll4:27075/canvas/c674#xywh=553,2533,959,55",0002_p16445coll4:27075.jpg
BOOKSELLERS,Booksellers in General,p. 647 (scan 675),‖a,General Stationers; Newsvenders,Davis Charles,,41 Gt. Marylebone st.,,"https://cdm16445.contentdm.oclc.org/iiif/p16445coll4:27075/canvas/c674#xywh=556,2594,2072,58",0002_p16445coll4:27075.jpg
BOOKSELLERS,Booksellers in General,p. 647 (scan 675),,,Dawson Jas.,,38 White Lion st. Pntnvl,,"https://cdm16445.contentdm.oclc.org/iiif/p16445coll4:27075/canvas/c674#xywh=556,2656,2186,60",0002_p16445coll4:27075.jpg
BOOKSELLERS,Booksellers in General,p. 647 (scan 675),†*,Publishers; Printers,Dean & Munday,,35 & 40 Threadneedle st,,"https://cdm16445.contentdm.oclc.org/iiif/p16445coll4:27075/canvas/c674#xywh=549,2721,3333,57",0002_p16445coll4:27075.jpg
BOOKSELLERS,Booksellers in General,p. 647 (scan 675),†,Publishers,Dinnis James,,62 Paternoster row,,"https://cdm16445.contentdm.oclc.org/iiif/p16445coll4:27075/canvas/c674#xywh=553,2849,1012,56",0002_p16445coll4:27075.jpg
BOOKSELLERS,Booksellers in General,p. 647 (scan 675),,,Dodson Daniel,,"137 Fleet street & 4 New street, Covent garden",,"https://cdm16445.contentdm.oclc.org/iiif/p16445coll4:27075/canvas/c674#xywh=553,2914,3397,56",0002_p16445coll4:27075.jpg
BOOKSELLERS,Booksellers in General,p. 647 (scan 675),†,Publishers,Dolman Charles,,61 New Bond street,,"https://cdm16445.contentdm.oclc.org/iiif/p16445coll4:27075/canvas/c674#xywh=553,3039,3394,57",0002_p16445coll4:27075.jpg
BOOKSELLERS,Booksellers in General,p. 647 (scan 675),,,Douglas Mrs. M. E.,,16 Lit. Knightrider st,,"https://cdm16445.contentdm.oclc.org/iiif/p16445coll4:27075/canvas/c674#xywh=553,3103,3246,58",0002_p16445coll4:27075.jpg
BOOKSELLERS,Booksellers in General,p. 647 (scan 675),,,Dowding John,,82 Newgate street,,"https://cdm16445.contentdm.oclc.org/iiif/p16445coll4:27075/canvas/c674#xywh=553,3167,982,57",0002_p16445coll4:27075.jpg
BOOKSELLERS,Booksellers in General,p. 647 (scan 675),,,Dowie John E.,,14 Crown st. Walworth,,"https://cdm16445.contentdm.oclc.org/iiif/p16445coll4:27075/canvas/c674#xywh=557,3294,3393,58",0002_p16445coll4:27075.jpg
BOOKSELLERS,Booksellers in General,p. 647 (scan 675),,,Doyle Martin,,82 Chancery lane,,"https://cdm16445.contentdm.oclc.org/iiif/p16445coll4:27075/canvas/c674#xywh=551,3358,918,57",0002_p16445coll4:27075.jpg
BOOKSELLERS,Booksellers in General,p. 647 (scan 675),¶‖,Printsellers; General Stationers,Drewett Mrs. Ann,,62 Quadrant,,"https://cdm16445.contentdm.oclc.org/iiif/p16445coll4:27075/canvas/c674#xywh=555,3420,1005,58",0002_p16445coll4:27075.jpg
BOOKSELLERS,Booksellers in General,p. 647 (scan 675),,,Drysdale James,,165 Goswell street,,"https://cdm16445.contentdm.oclc.org/iiif/p16445coll4:27075/canvas/c674#xywh=551,3483,1027,58",0002_p16445coll4:27075.jpg
BOOKSELLERS,Booksellers in General,p. 647 (scan 675),†,Publishers,Duncan & Malcolm,,37 Paternoster row,,"https://cdm16445.contentdm.oclc.org/iiif/p16445coll4:27075/canvas/c674#xywh=549,3544,3406,72",0002_p16445coll4:27075.jpg
BOOKSELLERS,Booksellers in General,p. 647 (scan 675),,,Dyer Thomas,,"24 Princes st. Leicester sq. High street, Bloomsbury",,"https://cdm16445.contentdm.oclc.org/iiif/p16445coll4:27075/canvas/c674#xywh=553,3605,2067,66",0002_p16445coll4:27075.jpg
BOOKSELLERS,Booksellers in General,p. 647 (scan 675),§‖,Librarians; General Stationers,Earle Geo.,,"67 Castle st. east, Oxford st",,"https://cdm16445.contentdm.oclc.org/iiif/p16445coll4:27075/canvas/c674#xywh=545,3800,3356,59",0002_p16445coll4:27075.jpg
BOOKSELLERS,Booksellers in General,p. 647 (scan 675),,,East Philip,,"18 Holywell street, Strand",,"https://cdm16445.contentdm.oclc.org/iiif/p16445coll4:27075/canvas/c674#xywh=553,3865,3397,58",0002_p16445coll4:27075.jpg
BOOKSELLERS,Booksellers in General,p. 647 (scan 675),‖¶§,General Stationers; Printsellers; Librarians,Ebers E. S. & Co.,,27 Old Bond street,,"https://cdm16445.contentdm.oclc.org/iiif/p16445coll4:27075/canvas/c674#xywh=553,3928,3394,58",0002_p16445coll4:27075.jpg
BOOKSELLERS,Booksellers in General,p. 647 (scan 675),*,Printers,Edwards Frederic,,56 Leman street,,"https://cdm16445.contentdm.oclc.org/iiif/p16445coll4:27075/canvas/c674#xywh=553,3993,1058,54",0002_p16445coll4:27075.jpg
BOOKSELLERS,Booksellers in General,p. 647 (scan 675),,,Edwards James,,76 Bunhill row,,"https://cdm16445.contentdm.oclc.org/iiif/p16445coll4:27075/canvas/c674#xywh=553,4058,933,53",0002_p16445coll4:27075.jpg
BOOKSELLERS,Booksellers in General,p. 647 (scan 675),†‡,Publishers; Fancy Stationers,Edwards William,,12 Ave Maria lane,,"https://cdm16445.contentdm.oclc.org/iiif/p16445coll4:27075/canvas/c674#xywh=549,4119,2185,57",0002_p16445coll4:27075.jpg
BOOKSELLERS,Booksellers in General,p. 647 (scan 675),,,Eedes John,,14 Little Knightrider street,,"https://cdm16445.contentdm.oclc.org/iiif/p16445coll4:27075/canvas/c674#xywh=553,4178,3402,62",0002_p16445coll4:27075.jpg
BOOKSELLERS,Booksellers in General,p. 647 (scan 675),‖c,General Stationers; Bookbinders,Egley Thomas,,69 New Bond street,,"https://cdm16445.contentdm.oclc.org/iiif/p16445coll4:27075/canvas/c674#xywh=553,4248,1096,53",0002_p16445coll4:27075.jpg
BOOKSELLERS,Booksellers in General,p. 647 (scan 675),‖,General Stationers,"Elder, Smith & Co.",,65 Cornhill,,"https://cdm16445.contentdm.oclc.org/iiif/p16445coll4:27075/canvas/c674#xywh=568,4311,918,53",0002_p16445coll4:27075.jpg
BOOKSELLERS,Booksellers in General,p. 647 (scan 675),c‖,Bookbinders; General Stationers,Elkins V.,,"8 Baker street, & 62 George st",,"https://cdm16445.contentdm.oclc.org/iiif/p16445coll4:27075/canvas/c674#xywh=561,4371,2059,56",0002_p16445coll4:27075.jpg
BOOKSELLERS,Booksellers in General,p. 647 (scan 675),‖,General Stationers,Elkins Wm. Henry,,47 Lombard street,,"https://cdm16445.contentdm.oclc.org/iiif/p16445coll4:27075/canvas/c674#xywh=576,4435,2237,55",0002_p16445coll4:27075.jpg
BOOKSELLERS,Booksellers in General,p. 647 (scan 675),‖,General Stationers,Elt Chas. H.,,"18 Hedge row, Islington",,"https://cdm16445.contentdm.oclc.org/iiif/p16445coll4:27075/canvas/c674#xywh=571,4497,2087,58",0002_p16445coll4:27075.jpg
BOOKSELLERS,Booksellers in General,p. 647 (scan 675),,,Elvin & Taylor,,48 Goodge st. Fitzroy sq,,"https://cdm16445.contentdm.oclc.org/iiif/p16445coll4:27075/canvas/c674#xywh=552,4559,2152,60",0002_p16445coll4:27075.jpg
BOOKSELLERS,Booksellers in General,p. 647 (scan 675),,,Elvin Mrs. Sophia,,13 Tabernacle square,,"https://cdm16445.contentdm.oclc.org/iiif/p16445coll4:27075/canvas/c674#xywh=553,4622,2226,56",0002_p16445coll4:27075.jpg
BOOKSELLERS,Booksellers in General,p. 647 (scan 675),†,Publishers,Emans William,,43 Aldersgate street,,"https://cdm16445.contentdm.oclc.org/iiif/p16445coll4:27075/canvas/c674#xywh=552,4682,2232,63",0002_p16445coll4:27075.jpg
BOOKSELLERS,Booksellers in General,p. 647 (scan 675),‖,General Stationers,Emmens Jas.,,51 Grosvenor pl. Pimlico,,"https://cdm16445.contentdm.oclc.org/iiif/p16445coll4:27075/canvas/c674#xywh=564,4749,2169,56",0002_p16445coll4:27075.jpg
BOOKSELLERS,Booksellers in General,p. 647 (scan 675),,,Emmins John,,7 High Holborn,,"https://cdm16445.contentdm.oclc.org/iiif/p16445coll4:27075/canvas/c674#xywh=551,4805,899,64",0002_p16445coll4:27075.jpg
BOOKSELLERS,Booksellers in General,p. 647 (scan 675),‖,General Stationers,Ensoll Frederic,,45 Paddington street,,"https://cdm16445.contentdm.oclc.org/iiif/p16445coll4:27075/canvas/c674#xywh=557,4874,2180,58",0002_p16445coll4:27075.jpg
BOOKSELLERS,Booksellers in General,p. 647 (scan 675),¶,Printsellers,Evans Ann & Son,,1 Gt. Queen street,,"https://cdm16445.contentdm.oclc.org/iiif/p16445coll4:27075/canvas/c674#xywh=586,4931,3381,70",0002_p16445coll4:27075.jpg
BOOKSELLERS,Booksellers in General,p. 647 (scan 675),‖,General Stationers,Evans Geo. F.,,47 William st. Regent's pk,,"https://cdm16445.contentdm.oclc.org/iiif/p16445coll4:27075/canvas/c674#xywh=568,5001,2147,58",0002_p16445coll4:27075.jpg
BOOKSELLERS,Booksellers in General,p. 647 (scan 675),,,Evans John,,9 Portugal st. Linc. inn fields,,"https://cdm16445.contentdm.oclc.org/iiif/p16445coll4:27075/canvas/c674#xywh=556,5064,2250,59",0002_p16445coll4:27075.jpg
BOOKSELLERS,Booksellers in General,p. 647 (scan 675),‖,General Stationers,Evans John Edward,,62 Snowhill,,"https://cdm16445.contentdm.oclc.org/iiif/p16445coll4:27075/canvas/c674#xywh=557,5127,978,56",0002_p16445coll4:27075.jpg
BOOKSELLERS,Booksellers in General,p. 647 (scan 675),,,Evans Robert Harding,,93 Pall mall,,"https://cdm16445.contentdm.oclc.org/iiif/p16445coll4:27075/canvas/c674#xywh=561,5192,1039,56",0002_p16445coll4:27075.jpg
BOOKSELLERS,Booksellers in General,p. 647 (scan 675),‖,General Stationers,Evans Samuel,,42 Edgware road,,"https://cdm16445.contentdm.oclc.org/iiif/p16445coll4:27075/canvas/c674#xywh=557,5255,982,57",0002_p16445coll4:27075.jpg
BOOKSELLERS,Booksellers in General,p. 647 (scan 675),a,Newsvenders,Everett Wm.,,"5 Johnson's court, Fleet st",,"https://cdm16445.contentdm.oclc.org/iiif/p16445coll4:27075/canvas/c674#xywh=549,5318,2272,56",0002_p16445coll4:27075.jpg
BOOKSELLERS,Booksellers in General,p. 647 (scan 675),c,Bookbinders,Ewins Samuel Daniel,,102 Cheapside,,"https://cdm16445.contentdm.oclc.org/iiif/p16445coll4:27075/canvas/c674#xywh=553,5381,1103,57",0002_p16445coll4:27075.jpg
BOOKSELLERS,Booksellers in General,p. 647 (scan 675),†,Publishers,Fairburn John,,110 Minories,,"https://cdm16445.contentdm.oclc.org/iiif/p16445coll4:27075/canvas/c674#xywh=561,5448,860,54",0002_p16445coll4:27075.jpg
BOOKSELLERS,Booksellers in General,p. 647 (scan 675),a,Newsvenders,Farmer J.,,11 Hereford pl. Commer. rd. ea,,"https://cdm16445.contentdm.oclc.org/iiif/p16445coll4:27075/canvas/c674#xywh=553,5506,2162,61",0002_p16445coll4:27075.jpg
BOOKSELLERS,Booksellers in General,p. 647 (scan 675),‖,General Stationers,Faulkner Thos.,,"1 Paradise row, Chelsea",,"https://cdm16445.contentdm.oclc.org/iiif/p16445coll4:27075/canvas/c674#xywh=572,5571,2082,58",0002_p16445coll4:27075.jpg
BOOKSELLERS,Booksellers in General,p. 647 (scan 675),‖,General Stationers,Feldwick Thos. John,,40 Coleman street,,"https://cdm16445.contentdm.oclc.org/iiif/p16445coll4:27075/canvas/c674#xywh=579,5629,3399,70",0002_p16445coll4:27075.jpg
BOOKSELLERS,Booksellers in General,p. 647 (scan 675),†,Publishers,Fellowes Benjamin,,39 Ludgate street,,"https://cdm16445.contentdm.oclc.org/iiif/p16445coll4:27075/canvas/c674#xywh=568,5762,2146,56",0002_p16445coll4:27075.jpg
BOOKSELLERS,Booksellers in General,p. 647 (scan 675),,,Fellowes Joseph,,13 Shoe lane,,"https://cdm16445.contentdm.oclc.org/iiif/p16445coll4:27075/canvas/c674#xywh=563,5824,886,59",0002_p16445coll4:27075.jpg
BOOKSELLERS,Booksellers in General,p. 647 (scan 675),§¶,Librarians; Printsellers,Ferguson John,,5 Earl's ct. Leicester sq,,"https://cdm16445.contentdm.oclc.org/iiif/p16445coll4:27075/canvas/c674#xywh=560,5885,3421,63",0002_p16445coll4:27075.jpg
BOOKSELLERS,Booksellers in General,p. 647 (scan 675),¶,Printsellers,Field John,,"65 Quadrant, Regent street",,https://cdm16445.contentdm.oclc.org/iiif/p16445coll4:27075/canvas/c674,0002_p16445coll4:27075.jpg
BOOKSELLERS,Booksellers in General,p. 647 (scan 675),§,Librarians,Firth Mrs. E.,,9 Somerset st. Aldgate,,https://cdm16445.contentdm.oclc.org/iiif/p16445coll4:27075/canvas/c674,0002_p16445coll4:27075.jpg
BOOKSELLERS,Booksellers in General,p. 647 (scan 675),§,Librarians,Fisher Thos.,,"2 Postern row, Tower hill",,https://cdm16445.contentdm.oclc.org/iiif/p16445coll4:27075/canvas/c674,0002_p16445coll4:27075.jpg
BOOKSELLERS,Booksellers in General,p. 647 (scan 675),†*,Publishers; Printers,Flook Jas. F.,,85 Charlotte st. Ftzry. sq,,"https://cdm16445.contentdm.oclc.org/iiif/p16445coll4:27075/canvas/c674#xywh=1831,320,845,77",0002_p16445coll4:27075.jpg
BOOKSELLERS,Booksellers in General,p. 647 (scan 675),‖,General Stationers,Ford K. J.,,Upper st. Hornsey rw. Isling,,https://cdm16445.contentdm.oclc.org/iiif/p16445coll4:27075/canvas/c674,0002_p16445coll4:27075.jpg
BOOKSELLERS,Booksellers in General,p. 647 (scan 675),§,Librarians,Fores Henry P.,,3 Spur st. Leicester sq,,https://cdm16445.contentdm.oclc.org/iiif/p16445coll4:27075/canvas/c674,0002_p16445coll4:27075.jpg
BOOKSELLERS,Booksellers in General,p. 647 (scan 675),,,Foster Miss M. E.,,24 Aylesbury st. Clknwl,,https://cdm16445.contentdm.oclc.org/iiif/p16445coll4:27075/canvas/c674,0002_p16445coll4:27075.jpg
BOOKSELLERS,Booksellers in General,p. 647 (scan 675),†,Publishers,Fox Charles,,67 Paternoster row,,"https://cdm16445.contentdm.oclc.org/iiif/p16445coll4:27075/canvas/c674#xywh=1740,2465,895,58",0002_p16445coll4:27075.jpg
BOOKSELLERS,Booksellers in General,p. 647 (scan 675),†‖,Publishers; General Stationers,Fraser James,,215 Regent street,,"https://cdm16445.contentdm.oclc.org/iiif/p16445coll4:27075/canvas/c674#xywh=1679,1446,1039,52",0002_p16445coll4:27075.jpg
BOOKSELLERS,Booksellers in General,p. 647 (scan 675),c‖,Bookbinders; General Stationers,Fryer J.,,"15 Gower st. north, New road",,https://cdm16445.contentdm.oclc.org/iiif/p16445coll4:27075/canvas/c674,0002_p16445coll4:27075.jpg
BOOKSELLERS,Booksellers in General,p. 647 (scan 675),†,Publishers,Fullarton A. & Co.,,12 King's sq. Goswell rd,,https://cdm16445.contentdm.oclc.org/iiif/p16445coll4:27075/canvas/c674,0002_p16445coll4:27075.jpg
BOOKSELLERS,Booksellers in General,p. 647 (scan 675),§,Librarians,George John N.,,66 Upper Berkeley st,,https://cdm16445.contentdm.oclc.org/iiif/p16445coll4:27075/canvas/c674,0002_p16445coll4:27075.jpg
BOOKSELLERS,Booksellers in General,p. 647 (scan 675),†,Publishers,Gilbert & Grattan,,51 Paternoster row,,https://cdm16445.contentdm.oclc.org/iiif/p16445coll4:27075/canvas/c674,0002_p16445coll4:27075.jpg
BOOKSELLERS,Booksellers in General,p. 647 (scan 675),†,Publishers,Gilbert G.,,2 Green Arbour sq. O. Bailey,,https://cdm16445.contentdm.oclc.org/iiif/p16445coll4:27075/canvas/c674,0002_p16445coll4:27075.jpg
BOOKSELLERS,Booksellers in General,p. 647 (scan 675),,,Gilbert Samuel,who.,26 Paternoster row,,"https://cdm16445.contentdm.oclc.org/iiif/p16445coll4:27075/canvas/c674#xywh=1672,3483,2278,57",0002_p16445coll4:27075.jpg
BOOKSELLERS,Booksellers in General,p. 647 (scan 675),‖,General Stationers,Ginger Godfree Wm.,,21 College street,,https://cdm16445.contentdm.oclc.org/iiif/p16445coll4:27075/canvas/c674,0002_p16445coll4:27075.jpg
BOOKSELLERS,Booksellers in General,p. 647 (scan 675),,,Gladding John,,"20 City road, Finsbury sq",,https://cdm16445.contentdm.oclc.org/iiif/p16445coll4:27075/canvas/c674,0002_p16445coll4:27075.jpg
BOOKSELLERS,Booksellers in General,p. 647 (scan 675),,,Gladding Rob.,,97 & 98 Whitechapel road,,https://cdm16445.contentdm.oclc.org/iiif/p16445coll4:27075/canvas/c674,0002_p16445coll4:27075.jpg
BOOKSELLERS,Booksellers in General,p. 647 (scan 675),†,Publishers,Glover James,,"Water lane, Fleet street",,https://cdm16445.contentdm.oclc.org/iiif/p16445coll4:27075/canvas/c674,0002_p16445coll4:27075.jpg
BOOKSELLERS,Booksellers in General,p. 647 (scan 675),‖*,General Stationers; Printers,Gooch Edw. F.,,55 King Wm. st. City,,https://cdm16445.contentdm.oclc.org/iiif/p16445coll4:27075/canvas/c674,0002_p16445coll4:27075.jpg
BOOKSELLERS,Booksellers in General,p. 647 (scan 675),,,Goodwin Edward,,"2 Shoe lane, Fleet st",,https://cdm16445.contentdm.oclc.org/iiif/p16445coll4:27075/canvas/c674,0002_p16445coll4:27075.jpg
BOOKSELLERS,Booksellers in General,p. 647 (scan 675),‖,General Stationers,Gordon James,,146 Leadenhall street,,https://cdm16445.contentdm.oclc.org/iiif/p16445coll4:27075/canvas/c674,0002_p16445coll4:27075.jpg
BOOKSELLERS,Booksellers in General,p. 647 (scan 675),†,Publishers,Grattan & Gilbert,map publishers; agents to the honourable Board of Ordnance,51 Paternoster row,,"https://cdm16445.contentdm.oclc.org/iiif/p16445coll4:27075/canvas/c674#xywh=1744,2400,2195,60",0002_p16445coll4:27075.jpg
BOOKSELLERS,Booksellers in General,p. 647 (scan 675),†,Publishers,Green John,,121 Newgate street,,"https://cdm16445.contentdm.oclc.org/iiif/p16445coll4:27075/canvas/c674#xywh=1678,2526,2095,64",0002_p16445coll4:27075.jpg
BOOKSELLERS,Booksellers in General,p. 647 (scan 675),,,Greenland Geo. & Alfred,,38 Poultry,,https://cdm16445.contentdm.oclc.org/iiif/p16445coll4:27075/canvas/c674,0002_p16445coll4:27075.jpg
BOOKSELLERS,Booksellers in General,p. 647 (scan 675),,,Gregory Isaac,,6 Chapel st. Tott. ct. rd,,https://cdm16445.contentdm.oclc.org/iiif/p16445coll4:27075/canvas/c674,0002_p16445coll4:27075.jpg
BOOKSELLERS,Booksellers in General,p. 647 (scan 675),‖,General Stationers,Griffith William,,41 Goswell road,,https://cdm16445.contentdm.oclc.org/iiif/p16445coll4:27075/canvas/c674,0002_p16445coll4:27075.jpg
BOOKSELLERS,Booksellers in General,p. 647 (scan 675),†,Publishers,Groombridge R.,,6 Panyer al. Newgate st,,https://cdm16445.contentdm.oclc.org/iiif/p16445coll4:27075/canvas/c674,0002_p16445coll4:27075.jpg
BOOKSELLERS,Booksellers in General,p. 647 (scan 675),‖a,General Stationers; Newsvenders,Hailes Nathl.,,49 Jermyn st. St. James's,,https://cdm16445.contentdm.oclc.org/iiif/p16445coll4:27075/canvas/c674,0002_p16445coll4:27075.jpg
BOOKSELLERS,Booksellers in General,p. 647 (scan 675),,,Haljday J. P.,,20 Charlotte rw. Walworth rd,,https://cdm16445.contentdm.oclc.org/iiif/p16445coll4:27075/canvas/c674,0002_p16445coll4:27075.jpg
BOOKSELLERS,Booksellers in General,p. 647 (scan 675),†,Publishers,"Hamilton, Adams & Co.",,33 Paternoster row,,https://cdm16445.contentdm.oclc.org/iiif/p16445coll4:27075/canvas/c674,0002_p16445coll4:27075.jpg
BOOKSELLERS,Booksellers in General,p. 647 (scan 675),,,Hanton John,,9 Musuem st. Bloomsbury,,"https://cdm16445.contentdm.oclc.org/iiif/p16445coll4:27075/canvas/c674#xywh=614,3740,811,52",0002_p16445coll4:27075.jpg
BOOKSELLERS,Booksellers in General,p. 647 (scan 675),*§‖,Printers; Librarians; General Stationers,Harris Mrs. E.,,96 High st. Shadwell,,https://cdm16445.contentdm.oclc.org/iiif/p16445coll4:27075/canvas/c674,0002_p16445coll4:27075.jpg
BOOKSELLERS,Booksellers in General,p. 647 (scan 675),‖,General Stationers,Harris Henry,,18 Bridge st. Westminster,,https://cdm16445.contentdm.oclc.org/iiif/p16445coll4:27075/canvas/c674,0002_p16445coll4:27075.jpg
BOOKSELLERS,Booksellers in General,p. 647 (scan 675),,,Harris John,,21 Ludgate street,,https://cdm16445.contentdm.oclc.org/iiif/p16445coll4:27075/canvas/c674,0002_p16445coll4:27075.jpg
BOOKSELLERS,Booksellers in General,p. 647 (scan 675),,,Harris Miss S.,,6 Opera arcade,,"https://cdm16445.contentdm.oclc.org/iiif/p16445coll4:27075/canvas/c674#xywh=1675,3420,2275,57",0002_p16445coll4:27075.jpg
BOOKSELLERS,Booksellers in General,p. 647 (scan 675),†,Publishers,Harvey & Darton,,55 Gracechurch st,,https://cdm16445.contentdm.oclc.org/iiif/p16445coll4:27075/canvas/c674,0002_p16445coll4:27075.jpg
BOOKSELLERS,Booksellers in General,p. 647 (scan 675),†,Publishers,Hatchard John & Son,,187 Piccadilly,,https://cdm16445.contentdm.oclc.org/iiif/p16445coll4:27075/canvas/c674,0002_p16445coll4:27075.jpg
BOOKSELLERS,Booksellers in General,p. 647 (scan 675),a,Newsvenders,Hattersley Wm.,,43 Regent st. Wstmn,,https://cdm16445.contentdm.oclc.org/iiif/p16445coll4:27075/canvas/c674,0002_p16445coll4:27075.jpg
BOOKSELLERS,Booksellers in General,p. 647 (scan 675),†,Publishers,Hearne John,old,81 Strand,,https://cdm16445.contentdm.oclc.org/iiif/p16445coll4:27075/canvas/c674,0002_p16445coll4:27075.jpg
BOOKSELLERS,Booksellers in General,p. 647 (scan 675),,,Heath William,,29½ Lincoln's inn fields,,https://cdm16445.contentdm.oclc.org/iiif/p16445coll4:27075/canvas/c674,0002_p16445coll4:27075.jpg
BOOKSELLERS,Booksellers in General,p. 647 (scan 675),‖,General Stationers,Henderson George,,2 Old Bailey,,https://cdm16445.contentdm.oclc.org/iiif/p16445coll4:27075/canvas/c674,0002_p16445coll4:27075.jpg
BOOKSELLERS,Booksellers in General,p. 647 (scan 675),‖,General Stationers,Henningham & Hollis,,5 Mount street,,https://cdm16445.contentdm.oclc.org/iiif/p16445coll4:27075/canvas/c674,0002_p16445coll4:27075.jpg
BOOKSELLERS,Booksellers in General,p. 647 (scan 675),c‖,Bookbinders; General Stationers,Hering Henry,,9 Newman street,,https://cdm16445.contentdm.oclc.org/iiif/p16445coll4:27075/canvas/c674,0002_p16445coll4:27075.jpg
BOOKSELLERS,Booksellers in General,p. 647 (scan 675),†*a,Publishers; Printers; Newsvenders,Hetherington Henry,,126 Strand,,https://cdm16445.contentdm.oclc.org/iiif/p16445coll4:27075/canvas/c674,0002_p16445coll4:27075.jpg
BOOKSELLERS,Booksellers in General,p. 647 (scan 675),*,Printers,Hex William,,"6 East road, City road",,https://cdm16445.contentdm.oclc.org/iiif/p16445coll4:27075/canvas/c674,0002_p16445coll4:27075.jpg
BOOKSELLERS,Booksellers in General,p. 647 (scan 675),†,Publishers,Hextall Fred.,,11 Catherine st. Strand,,https://cdm16445.contentdm.oclc.org/iiif/p16445coll4:27075/canvas/c674,0002_p16445coll4:27075.jpg
BOOKSELLERS,Booksellers in General,p. 647 (scan 675),‖a,General Stationers; Newsvenders,Hicks Robert,,106 Crawford street,,https://cdm16445.contentdm.oclc.org/iiif/p16445coll4:27075/canvas/c674,0002_p16445coll4:27075.jpg
BOOKSELLERS,Booksellers in General,p. 647 (scan 675),†‖,Publishers; General Stationers,Higham Mary & S.,,54 Chiswell street,,https://cdm16445.contentdm.oclc.org/iiif/p16445coll4:27075/canvas/c674,0002_p16445coll4:27075.jpg
BOOKSELLERS,Booksellers in General,p. 647 (scan 675),,,Higly Mrs. Elizabeth,,3 Eyre st. hill,,https://cdm16445.contentdm.oclc.org/iiif/p16445coll4:27075/canvas/c674,0002_p16445coll4:27075.jpg
BOOKSELLERS,Booksellers in General,p. 647 (scan 675),,,Hobson G.,,8 Crombie's r. Commerl. rd. ea,,https://cdm16445.contentdm.oclc.org/iiif/p16445coll4:27075/canvas/c674,0002_p16445coll4:27075.jpg
BOOKSELLERS,Booksellers in General,p. 647 (scan 675),†,Publishers,Hodgson Orlando,,111 Fleet street,,https://cdm16445.contentdm.oclc.org/iiif/p16445coll4:27075/canvas/c674,0002_p16445coll4:27075.jpg
BOOKSELLERS,Booksellers in General,p. 647 (scan 675),†,Publishers,Hookham Thomas,,15 Old Bond street,,https://cdm16445.contentdm.oclc.org/iiif/p16445coll4:27075/canvas/c674,0002_p16445coll4:27075.jpg
BOOKSELLERS,Booksellers in General,p. 647 (scan 675),§,Librarians,Horne George & Co.,,105 Cheapside,,https://cdm16445.contentdm.oclc.org/iiif/p16445coll4:27075/canvas/c674,0002_p16445coll4:27075.jpg
BOOKSELLERS,Booksellers in General,p. 647 (scan 675),a,Newsvenders,Horne John,,19 Leicester square,,"https://cdm16445.contentdm.oclc.org/iiif/p16445coll4:27075/canvas/c674#xywh=2828,2469,599,52",0002_p16445coll4:27075.jpg
BOOKSELLERS,Booksellers in General,p. 647 (scan 675),‖a,General Stationers; Newsvenders,Horne W. M.,,2 Skinner's st. New road,,https://cdm16445.contentdm.oclc.org/iiif/p16445coll4:27075/canvas/c674,0002_p16445coll4:27075.jpg
BOOKSELLERS,Booksellers in General,p. 647 (scan 675),§a,Librarians; Newsvenders,Horsman Jas.,,9 Brownlow st. Bedfd. row,,https://cdm16445.contentdm.oclc.org/iiif/p16445coll4:27075/canvas/c674,0002_p16445coll4:27075.jpg
BOOKSELLERS,Booksellers in General,p. 647 (scan 675),‖,General Stationers,Houghton James,,98 Jermyn street,,https://cdm16445.contentdm.oclc.org/iiif/p16445coll4:27075/canvas/c674,0002_p16445coll4:27075.jpg
BOOKSELLERS,Booksellers in General,p. 647 (scan 675),†*‖†¶,Publishers; Printers; General Stationers; Publishers; Printsellers,Houlston & Hughes,,154 Strand,,https://cdm16445.contentdm.oclc.org/iiif/p16445coll4:27075/canvas/c674,0002_p16445coll4:27075.jpg
BOOKSELLERS,Booksellers in General,p. 647 (scan 675),†,Publishers,Houlston & Stoneman,,65 Paternoster r,,https://cdm16445.contentdm.oclc.org/iiif/p16445coll4:27075/canvas/c674,0002_p16445coll4:27075.jpg
BOOKSELLERS,Booksellers in General,p. 647 (scan 675),‖§†,General Stationers; Librarians; Publishers,Houlston William,,35 High Holborn,,https://cdm16445.contentdm.oclc.org/iiif/p16445coll4:27075/canvas/c674,0002_p16445coll4:27075.jpg
BOOKSELLERS,Booksellers in General,p. 647 (scan 675),,,Howard Mrs. Esther,,33 Gray's inn lane,,https://cdm16445.contentdm.oclc.org/iiif/p16445coll4:27075/canvas/c674,0002_p16445coll4:27075.jpg
BOOKSELLERS,Booksellers in General,p. 647 (scan 675),,,Huett Noah,,141 High Holborn,,https://cdm16445.contentdm.oclc.org/iiif/p16445coll4:27075/canvas/c674,0002_p16445coll4:27075.jpg
BOOKSELLERS,Booksellers in General,p. 647 (scan 675),‖,General Stationers,Hughes Hugh,,15 St. Martin's le grand,,https://cdm16445.contentdm.oclc.org/iiif/p16445coll4:27075/canvas/c674,0002_p16445coll4:27075.jpg
BOOKSELLERS,Booksellers in General,p. 647 (scan 675),§‖,Librarians; General Stationers,Hurren Mrs. S.,,45 Curtain rd. Shoredit,,https://cdm16445.contentdm.oclc.org/iiif/p16445coll4:27075/canvas/c674,0002_p16445coll4:27075.jpg
BOOKSELLERS,Booksellers in General,p. 647 (scan 675),†‖,Publishers; General Stationers,Hurst Thomas,,5 St. Paul's church yd,,https://cdm16445.contentdm.oclc.org/iiif/p16445coll4:27075/canvas/c674,0002_p16445coll4:27075.jpg
BOOKSELLERS,Booksellers in General,p. 647 (scan 675),*¶a,Printers; Printsellers; Newsvenders,Iley Mrs. Elbth.,,2 Stafford st. Bond st,,https://cdm16445.contentdm.oclc.org/iiif/p16445coll4:27075/canvas/c674,0002_p16445coll4:27075.jpg
BOOKSELLERS,Booksellers in General,p. 647 (scan 675),‖,General Stationers,Inglis John,,13 Tysoe st. Exmouth st,,https://cdm16445.contentdm.oclc.org/iiif/p16445coll4:27075/canvas/c674,0002_p16445coll4:27075.jpg
BOOKSELLERS,Booksellers in General,p. 647 (scan 675),†,Publishers,Jackson & Walford,,18 St. Paul's ch. yd,,https://cdm16445.contentdm.oclc.org/iiif/p16445coll4:27075/canvas/c674,0002_p16445coll4:27075.jpg
BOOKSELLERS,Booksellers in General,p. 647 (scan 675),‖,General Stationers,Jackson John,,13 Agar st. West Strand,,https://cdm16445.contentdm.oclc.org/iiif/p16445coll4:27075/canvas/c674,0002_p16445coll4:27075.jpg
BOOKSELLERS,Booksellers in General,p. 647 (scan 675),‖,General Stationers,Jackson John Hen.,,Islington green,,https://cdm16445.contentdm.oclc.org/iiif/p16445coll4:27075/canvas/c674,0002_p16445coll4:27075.jpg
BOOKSELLERS,Booksellers in General,p. 647 (scan 675),‖,General Stationers,Jeffery William,,"7 George yard, Lombard st",,"https://cdm16445.contentdm.oclc.org/iiif/p16445coll4:27075/canvas/c674#xywh=2784,1442,945,57",0002_p16445coll4:27075.jpg
BOOKSELLERS,Booksellers in General,p. 647 (scan 675),†¶,Publishers; Printsellers,Jennings Robert,,62 Cheapside,,https://cdm16445.contentdm.oclc.org/iiif/p16445coll4:27075/canvas/c674,0002_p16445coll4:27075.jpg
BOOKSELLERS,Booksellers in General,p. 647 (scan 675),,,Jerrey Samuel,,32 Tabernacle walk,,https://cdm16445.contentdm.oclc.org/iiif/p16445coll4:27075/canvas/c674,0002_p16445coll4:27075.jpg
BOOKSELLERS,Booksellers in General,p. 647 (scan 675),†,Publishers,Johnson Henry,,49 Paternoster row,,https://cdm16445.contentdm.oclc.org/iiif/p16445coll4:27075/canvas/c674,0002_p16445coll4:27075.jpg
BOOKSELLERS,Booksellers in General,p. 647 (scan 675),†,Publishers,Jones & Co.,,32 Finsbury place,,"https://cdm16445.contentdm.oclc.org/iiif/p16445coll4:27075/canvas/c674#xywh=2815,4557,1008,59",0002_p16445coll4:27075.jpg
BOOKSELLERS,Booksellers in General,p. 647 (scan 675),a,Newsvenders,Jones & Yarrell,,Bury st. St. James's,,https://cdm16445.contentdm.oclc.org/iiif/p16445coll4:27075/canvas/c674,0002_p16445coll4:27075.jpg
BOOKSELLERS,Booksellers in General,p. 647 (scan 675),†,Publishers,Jones Jas.,,5 Horse shoe ct. Ludgate hill,,https://cdm16445.contentdm.oclc.org/iiif/p16445coll4:27075/canvas/c674,0002_p16445coll4:27075.jpg
BOOKSELLERS,Booksellers in General,p. 647 (scan 675),‖,General Stationers,Jones John,,"6 King street, Tower hill",,https://cdm16445.contentdm.oclc.org/iiif/p16445coll4:27075/canvas/c674,0002_p16445coll4:27075.jpg
BOOKSELLERS,Booksellers in General,p. 647 (scan 675),c,Bookbinders,Jones J.,old,73 Princes st. Leicstr. sq,,https://cdm16445.contentdm.oclc.org/iiif/p16445coll4:27075/canvas/c674,0002_p16445coll4:27075.jpg
BOOKSELLERS,Booksellers in General,p. 647 (scan 675),‖a,General Stationers; Newsvenders,Jones John Emanuel,,59 Crawford st,,https://cdm16445.contentdm.oclc.org/iiif/p16445coll4:27075/canvas/c674,0002_p16445coll4:27075.jpg
BOOKSELLERS,Booksellers in General,p. 647 (scan 675),†,Publishers,Jones Thos.,catholic,63 Parnstr. row,,https://cdm16445.contentdm.oclc.org/iiif/p16445coll4:27075/canvas/c674,0002_p16445coll4:27075.jpg
BOOKSELLERS,Booksellers in General,p. 647 (scan 675),†,Publishers,Joy William,,44 Paternoster row,,https://cdm16445.contentdm.oclc.org/iiif/p16445coll4:27075/canvas/c674,0002_p16445coll4:27075.jpg
BOOKSELLERS,Booksellers in General,p. 647 (scan 675),‖c,General Stationers; Bookbinders,Kaines Mrs. M.,,"New road, St. Geo. ea",,https://cdm16445.contentdm.oclc.org/iiif/p16445coll4:27075/canvas/c674,0002_p16445coll4:27075.jpg
BOOKSELLERS,Booksellers in General,p. 647 (scan 675),†,Publishers,Keating Geo.,catholic,38 South st. Manchester square,,https://cdm16445.contentdm.oclc.org/iiif/p16445coll4:27075/canvas/c674,0002_p16445coll4:27075.jpg
BOOKSELLERS,Booksellers in General,p. 647 (scan 675),§‖,Librarians; General Stationers,Keats Joseph,,143 Sloane street,,https://cdm16445.contentdm.oclc.org/iiif/p16445coll4:27075/canvas/c674,0002_p16445coll4:27075.jpg
BOOKSELLERS,Booksellers in General,p. 647 (scan 675),†,Publishers,Kelly Thomas,,16 Paternoster row,,https://cdm16445.contentdm.oclc.org/iiif/p16445coll4:27075/canvas/c674,0002_p16445coll4:27075.jpg
BOOKSELLERS,Booksellers in General,p. 647 (scan 675),,,Kendrick John,,"4 Charlotte row, City",,https://cdm16445.contentdm.oclc.org/iiif/p16445coll4:27075/canvas/c674,0002_p16445coll4:27075.jpg
BOOKSELLERS,Booksellers in General,p. 647 (scan 675),,,Kenneth Wm.,,22 Gt. Russell st. Cov. gar,,https://cdm16445.contentdm.oclc.org/iiif/p16445coll4:27075/canvas/c674,0002_p16445coll4:27075.jpg
BOOKSELLERS,Booksellers in General,p. 647 (scan 675),,,Kennett R. J.,old,14 York st. Cov. gar,,https://cdm16445.contentdm.oclc.org/iiif/p16445coll4:27075/canvas/c674,0002_p16445coll4:27075.jpg
BOOKSELLERS,Booksellers in General,p. 647 (scan 675),,,Kernot Henry,,42 Castle st. Leicester sq,,https://cdm16445.contentdm.oclc.org/iiif/p16445coll4:27075/canvas/c674,0002_p16445coll4:27075.jpg
BOOKSELLERS,Booksellers in General,p. 647 (scan 675),‖†a,General Stationers; Publishers; Newsvenders,Kerr Wm.,,32 Duke st. Manchester sq,,https://cdm16445.contentdm.oclc.org/iiif/p16445coll4:27075/canvas/c674,0002_p16445coll4:27075.jpg
BOOKSELLERS,Booksellers in General,p. 647 (scan 675),,,Kettle Charles,,255 High Holborn,,https://cdm16445.contentdm.oclc.org/iiif/p16445coll4:27075/canvas/c674,0002_p16445coll4:27075.jpg
BOOKSELLERS,Booksellers in General,p. 647 (scan 675),a,Newsvenders,Kettle John,,117 High Holborn,,https://cdm16445.contentdm.oclc.org/iiif/p16445coll4:27075/canvas/c674,0002_p16445coll4:27075.jpg
BOOKSELLERS,Booksellers in General,p. 647 (scan 675),a,Newsvenders,Kettle Wm.,,13 Little Queen st. Holborn,,"https://cdm16445.contentdm.oclc.org/iiif/p16445coll4:27075/canvas/c674#xywh=2809,3674,1145,56",0002_p16445coll4:27075.jpg
BOOKSELLERS,Booksellers in General,p. 647 (scan 675),†,Publishers,Kidd & Hodgson,pub. of Bent's Lit. Adv.,Aldine chambs. 13 Paternost. rw,,https://cdm16445.contentdm.oclc.org/iiif/p16445coll4:27075/canvas/c674,0002_p16445coll4:27075.jpg
BOOKSELLERS,Booksellers in General,p. 647 (scan 675),†,Publishers,Kidd Wm.,,7 Tavistock st. Covent gard,,"https://cdm16445.contentdm.oclc.org/iiif/p16445coll4:27075/canvas/c674#xywh=606,2977,641,55",0002_p16445coll4:27075.jpg
BOOKSELLERS,Booksellers in General,p. 647 (scan 675),,,Kimpton Benj.,old,8 Hand ct. Holborn,,https://cdm16445.contentdm.oclc.org/iiif/p16445coll4:27075/canvas/c674,0002_p16445coll4:27075.jpg
BOOKSELLERS,Booksellers in General,p. 647 (scan 675),§‖a,Librarians; General Stationers; Newsvenders,Kimpton J. M.,,68 Gt. Russell st. Blms,,https://cdm16445.contentdm.oclc.org/iiif/p16445coll4:27075/canvas/c674,0002_p16445coll4:27075.jpg
BOOKSELLERS,Booksellers in General,p. 647 (scan 675),†,Publishers,Kirby Ralph S.,,20 Warwick la. Nwgt. st,,https://cdm16445.contentdm.oclc.org/iiif/p16445coll4:27075/canvas/c674,0002_p16445coll4:27075.jpg
BOOKSELLERS,Booksellers in General,p. 647 (scan 675),‖a,General Stationers; Newsvenders,Kissick John,,10 Tottenham ct. road,,https://cdm16445.contentdm.oclc.org/iiif/p16445coll4:27075/canvas/c674,0002_p16445coll4:27075.jpg
BOOKSELLERS,Booksellers in General,p. 647 (scan 675),†,Publishers,Knight Charles & Co.,,22 Ludgate street,,https://cdm16445.contentdm.oclc.org/iiif/p16445coll4:27075/canvas/c674,0002_p16445coll4:27075.jpg
BOOKSELLERS,Booksellers in General,p. 647 (scan 675),†,Publishers,Lacey Edwd.,who.,76 St. Paul's ch. yd,,https://cdm16445.contentdm.oclc.org/iiif/p16445coll4:27075/canvas/c674,0002_p16445coll4:27075.jpg
BOOKSELLERS,Booksellers in General,p. 647 (scan 675),*‖§,Printers; General Stationers; Librarians,Lambert Alf.,,15 Gt. Suffolk st. Boro',,https://cdm16445.contentdm.oclc.org/iiif/p16445coll4:27075/canvas/c674,0002_p16445coll4:27075.jpg
BOOKSELLERS,Booksellers in General,p. 647 (scan 675),‖,General Stationers,Lanchenick Claudius,,5 Brompton row,,https://cdm16445.contentdm.oclc.org/iiif/p16445coll4:27075/canvas/c674,0002_p16445coll4:27075.jpg
BOOKSELLERS,Booksellers in General,p. 647 (scan 675),*§‖a,Printers; Librarians; General Stationers; Newsvenders,Lawless Edward D.,,13 Philpot lane,,https://cdm16445.contentdm.oclc.org/iiif/p16445coll4:27075/canvas/c674,0002_p16445coll4:27075.jpg
BOOKSELLERS,Booksellers in General,p. 647 (scan 675),*b,Printers; Account-book makers,Layton Charles & Edwin,,150 Fleet st,,https://cdm16445.contentdm.oclc.org/iiif/p16445coll4:27075/canvas/c674,0002_p16445coll4:27075.jpg
BOOKSELLERS,Booksellers in General,p. 647 (scan 675),a,Newsvenders,Leathwaite John,,1 Pope's head alley,,https://cdm16445.contentdm.oclc.org/iiif/p16445coll4:27075/canvas/c674,0002_p16445coll4:27075.jpg
BOOKSELLERS,Booksellers in General,p. 647 (scan 675),†,Publishers,Levy Isabella Mrs.,,17 Crutchedfriars,,https://cdm16445.contentdm.oclc.org/iiif/p16445coll4:27075/canvas/c674,0002_p16445coll4:27075.jpg
BOOKSELLERS,Booksellers in General,p. 647 (scan 675),,,Lewis Lewis A.,,125 Fleet street,,https://cdm16445.contentdm.oclc.org/iiif/p16445coll4:27075/canvas/c674,0002_p16445coll4:27075.jpg
BOOKSELLERS,Booksellers in General,p. 647 (scan 675),¶,Printsellers,Lincoln W. S.,,3 Cheltenham pl. West rd,,https://cdm16445.contentdm.oclc.org/iiif/p16445coll4:27075/canvas/c674,0002_p16445coll4:27075.jpg
BOOKSELLERS,Booksellers in General,p. 647 (scan 675),†‖a,Publishers; General Stationers; Newsvenders,Lloyd Edmund,,57 Harley street,,https://cdm16445.contentdm.oclc.org/iiif/p16445coll4:27075/canvas/c674,0002_p16445coll4:27075.jpg
BOOKSELLERS,Booksellers in General,p. 647 (scan 675),†,Publishers,Longman & Co.,,39 Paternoster row,,https://cdm16445.contentdm.oclc.org/iiif/p16445coll4:27075/canvas/c674,0002_p16445coll4:27075.jpg
BOOKSELLERS,Booksellers in General,p. 647 (scan 675),§‖,Librarians; General Stationers,Low Sampson,,42 Lamb's Conduit st,,https://cdm16445.contentdm.oclc.org/iiif/p16445coll4:27075/canvas/c674,0002_p16445coll4:27075.jpg
BOOKSELLERS,Booksellers in General,p. 647 (scan 675),§‖¶,Librarians; General Stationers; Printsellers,M'Clary Henry Jas.,,32 St. James's st,,https://cdm16445.contentdm.oclc.org/iiif/p16445coll4:27075/canvas/c674,0002_p16445coll4:27075.jpg
BOOKSELLERS,Booksellers in General,p. 647 (scan 675),,,M'Combie George John,,17 Barbican,,https://cdm16445.contentdm.oclc.org/iiif/p16445coll4:27075/canvas/c674,0002_p16445coll4:27075.jpg
BOOKSELLERS,Booksellers in General,p. 647 (scan 675),,,M'Lachlan J.,,"19 Ship yard, Temple bar",,https://cdm16445.contentdm.oclc.org/iiif/p16445coll4:27075/canvas/c674,0002_p16445coll4:27075.jpg
BOOKSELLERS,Booksellers in General,p. 648 (scan 676),,,MackenzieWm.,,11 Brunswick pl.Islingtn,,"https://cdm16445.contentdm.oclc.org/iiif/p16445coll4:27076/canvas/c675#xywh=617,536,1113,57",0003_p16445coll4:27076.jpg
BOOKSELLERS,Booksellers in General,p. 648 (scan 676),a,Newsvenders,M'Shee J.,,27 Bean st. Friar st.Blkfriars,,"https://cdm16445.contentdm.oclc.org/iiif/p16445coll4:27076/canvas/c675#xywh=617,600,1113,57",0003_p16445coll4:27076.jpg
BOOKSELLERS,Booksellers in General,p. 648 (scan 676),c,Bookbinders,Mackie Robt.,,30 Greek st. Soho,,"https://cdm16445.contentdm.oclc.org/iiif/p16445coll4:27076/canvas/c675#xywh=617,660,920,68",0003_p16445coll4:27076.jpg
BOOKSELLERS,Booksellers in General,p. 648 (scan 676),,,"Macpherson Donald,",,54 Up. Ebury st,,"https://cdm16445.contentdm.oclc.org/iiif/p16445coll4:27076/canvas/c675#xywh=617,732,1063,55",0003_p16445coll4:27076.jpg
BOOKSELLERS,Booksellers in General,p. 648 (scan 676),†,Publishers,"Mahon Joseph,",,106 Blackman street,,"https://cdm16445.contentdm.oclc.org/iiif/p16445coll4:27076/canvas/c675#xywh=617,795,1041,56",0003_p16445coll4:27076.jpg
BOOKSELLERS,Booksellers in General,p. 648 (scan 676),‖,General Stationers,"Mann George,",,39 Cornhill,,"https://cdm16445.contentdm.oclc.org/iiif/p16445coll4:27076/canvas/c675#xywh=617,856,769,61",0003_p16445coll4:27076.jpg
BOOKSELLERS,Booksellers in General,p. 648 (scan 676),a,Newsvenders,Markes Thos.,,25 Foley st. Portland pl,,"https://cdm16445.contentdm.oclc.org/iiif/p16445coll4:27076/canvas/c675#xywh=617,982,1091,64",0003_p16445coll4:27076.jpg
BOOKSELLERS,Booksellers in General,p. 648 (scan 676),†*‖,Publishers; Printers; General Stationers,Marks Lewis J.,,91 Long la. Smithfi,,"https://cdm16445.contentdm.oclc.org/iiif/p16445coll4:27076/canvas/c675#xywh=617,1047,1080,60",0003_p16445coll4:27076.jpg
BOOKSELLERS,Booksellers in General,p. 648 (scan 676),§‖a,Librarians; General Stationers; Newsvenders,"MarshJohn,",,"3Leigh street,Red Lion sq",,"https://cdm16445.contentdm.oclc.org/iiif/p16445coll4:27076/canvas/c675#xywh=617,1173,1113,61",0003_p16445coll4:27076.jpg
BOOKSELLERS,Booksellers in General,p. 648 (scan 676),,,"Marsh William,",,24 Old Cavendish street,,"https://cdm16445.contentdm.oclc.org/iiif/p16445coll4:27076/canvas/c675#xywh=617,1237,1113,57",0003_p16445coll4:27076.jpg
BOOKSELLERS,Booksellers in General,p. 648 (scan 676),‖,General Stationers,Mason Geo.B.,,16 Duke st. Grosvenor sq,,"https://cdm16445.contentdm.oclc.org/iiif/p16445coll4:27076/canvas/c675#xywh=617,1302,1113,55",0003_p16445coll4:27076.jpg
BOOKSELLERS,Booksellers in General,p. 648 (scan 676),†,Publishers,Mason J.,,14 City rd. & 66 Paternost.row,,"https://cdm16445.contentdm.oclc.org/iiif/p16445coll4:27076/canvas/c675#xywh=617,1362,1113,60",0003_p16445coll4:27076.jpg
BOOKSELLERS,Booksellers in General,p. 648 (scan 676),,,Mason T. jun.,,2 Gt. Russell st.Bloomsby,,"https://cdm16445.contentdm.oclc.org/iiif/p16445coll4:27076/canvas/c675#xywh=617,1426,1113,59",0003_p16445coll4:27076.jpg
BOOKSELLERS,Booksellers in General,p. 648 (scan 676),,,Mason T. sen.,,25 Museum st. Bloomsbry,,"https://cdm16445.contentdm.oclc.org/iiif/p16445coll4:27076/canvas/c675#xywh=617,1489,1113,58",0003_p16445coll4:27076.jpg
BOOKSELLERS,Booksellers in General,p. 648 (scan 676),,,"Mason William,",,30 High Holborn,,"https://cdm16445.contentdm.oclc.org/iiif/p16445coll4:27076/canvas/c675#xywh=617,1552,949,59",0003_p16445coll4:27076.jpg
BOOKSELLERS,Booksellers in General,p. 648 (scan 676),,,Mason Wm. A.,,6 Holywell st. Strand,,"https://cdm16445.contentdm.oclc.org/iiif/p16445coll4:27076/canvas/c675#xywh=617,1615,1062,63",0003_p16445coll4:27076.jpg
BOOKSELLERS,Booksellers in General,p. 648 (scan 676),*‖,Printers; General Stationers,"Masters Joseph,",,33 Aldersgate street,,"https://cdm16445.contentdm.oclc.org/iiif/p16445coll4:27076/canvas/c675#xywh=617,1677,1113,62",0003_p16445coll4:27076.jpg
BOOKSELLERS,Booksellers in General,p. 648 (scan 676),,,Matthews G. K.,,9 Jerusalem pl. Clerkwl,,"https://cdm16445.contentdm.oclc.org/iiif/p16445coll4:27076/canvas/c675#xywh=618,1745,1112,58",0003_p16445coll4:27076.jpg
BOOKSELLERS,Booksellers in General,p. 648 (scan 676),,,"MaynardJames,",,9 Panton st. Haymarket,,"https://cdm16445.contentdm.oclc.org/iiif/p16445coll4:27076/canvas/c675#xywh=617,1813,1113,54",0003_p16445coll4:27076.jpg
BOOKSELLERS,Booksellers in General,p. 648 (scan 676),,,"Meaden John,",,352 Strand,,"https://cdm16445.contentdm.oclc.org/iiif/p16445coll4:27076/canvas/c675#xywh=617,1875,731,57",0003_p16445coll4:27076.jpg
BOOKSELLERS,Booksellers in General,p. 648 (scan 676),,,Metcalf Fred.,,5 Marchmont street,,"https://cdm16445.contentdm.oclc.org/iiif/p16445coll4:27076/canvas/c675#xywh=618,1940,984,55",0003_p16445coll4:27076.jpg
BOOKSELLERS,Booksellers in General,p. 648 (scan 676),,,"Millard Thomas,",,70 Newgate street,,"https://cdm16445.contentdm.oclc.org/iiif/p16445coll4:27076/canvas/c675#xywh=619,2067,999,58",0003_p16445coll4:27076.jpg
BOOKSELLERS,Booksellers in General,p. 648 (scan 676),‖,General Stationers,"Miller & Field,",,6 Bridge rd. Lambeth,,"https://cdm16445.contentdm.oclc.org/iiif/p16445coll4:27076/canvas/c675#xywh=624,2130,1069,60",0003_p16445coll4:27076.jpg
BOOKSELLERS,Booksellers in General,p. 648 (scan 676),,,"Miller John,",,404 Oxford street,,"https://cdm16445.contentdm.oclc.org/iiif/p16445coll4:27076/canvas/c675#xywh=620,2195,859,59",0003_p16445coll4:27076.jpg
BOOKSELLERS,Booksellers in General,p. 648 (scan 676),,,Miller Wm.,,3 Upper East Smithfield,,"https://cdm16445.contentdm.oclc.org/iiif/p16445coll4:27076/canvas/c675#xywh=622,2259,1037,59",0003_p16445coll4:27076.jpg
BOOKSELLERS,Booksellers in General,p. 648 (scan 676),,,Mitchell Arch.,,10 Charles st. Middx.hos,,"https://cdm16445.contentdm.oclc.org/iiif/p16445coll4:27076/canvas/c675#xywh=623,2326,1107,53",0003_p16445coll4:27076.jpg
BOOKSELLERS,Booksellers in General,p. 648 (scan 676),†,Publishers,Mitchell Chas.,,12 Red Lion ct. Fleet st,,"https://cdm16445.contentdm.oclc.org/iiif/p16445coll4:27076/canvas/c675#xywh=624,2390,1106,53",0003_p16445coll4:27076.jpg
BOOKSELLERS,Booksellers in General,p. 648 (scan 676),†§‖¶b,Publishers; Librarians; General Stationers; Printsellers; Account-book makers,"Mitchell John,",,33 Old Bond street,,"https://cdm16445.contentdm.oclc.org/iiif/p16445coll4:27076/canvas/c675#xywh=624,2452,1106,56",0003_p16445coll4:27076.jpg
BOOKSELLERS,Booksellers in General,p. 648 (scan 676),†,Publishers,"Moffat Andrew,",,6 Skinner st. Snowhill,,"https://cdm16445.contentdm.oclc.org/iiif/p16445coll4:27076/canvas/c675#xywh=623,2516,1107,54",0003_p16445coll4:27076.jpg
BOOKSELLERS,Booksellers in General,p. 648 (scan 676),‖,General Stationers,Mole Wm.,,15 Gt. Russell st. Bloomsby,,"https://cdm16445.contentdm.oclc.org/iiif/p16445coll4:27076/canvas/c675#xywh=621,2582,1109,53",0003_p16445coll4:27076.jpg
BOOKSELLERS,Booksellers in General,p. 648 (scan 676),†*‖¶b,Publishers; Printers; General Stationers; Printsellers; Account-book makers,Moon Fran.G.,,20 Threadneedle st,,"https://cdm16445.contentdm.oclc.org/iiif/p16445coll4:27076/canvas/c675#xywh=623,2643,1107,54",0003_p16445coll4:27076.jpg
BOOKSELLERS,Booksellers in General,p. 648 (scan 676),‖§,General Stationers; Librarians,Moore Robt. P.,,32 Store st. Bedford sq,,"https://cdm16445.contentdm.oclc.org/iiif/p16445coll4:27076/canvas/c675#xywh=623,2705,1107,58",0003_p16445coll4:27076.jpg
BOOKSELLERS,Booksellers in General,p. 648 (scan 676),‖,General Stationers,MorganWm.,,20 Henrietta st.Cvndsh.sq,,"https://cdm16445.contentdm.oclc.org/iiif/p16445coll4:27076/canvas/c675#xywh=624,2827,1106,64",0003_p16445coll4:27076.jpg
BOOKSELLERS,Booksellers in General,p. 648 (scan 676),‖,General Stationers,Morse Edw.,,4 Mortimer st. Cavendish sq,,"https://cdm16445.contentdm.oclc.org/iiif/p16445coll4:27076/canvas/c675#xywh=619,2895,1111,55",0003_p16445coll4:27076.jpg
BOOKSELLERS,Booksellers in General,p. 648 (scan 676),†‖,Publishers; General Stationers,"Mortimer John,",,21 Wigmore street,,"https://cdm16445.contentdm.oclc.org/iiif/p16445coll4:27076/canvas/c675#xywh=620,2959,1039,55",0003_p16445coll4:27076.jpg
BOOKSELLERS,Booksellers in General,p. 648 (scan 676),,,Mott Wm.,,Weybridge pl. Mile end road,,"https://cdm16445.contentdm.oclc.org/iiif/p16445coll4:27076/canvas/c675#xywh=617,3017,1113,64",0003_p16445coll4:27076.jpg
BOOKSELLERS,Booksellers in General,p. 648 (scan 676),,,MountcastleMrs.C.,,10Bedford ct.Cov.gn,,"https://cdm16445.contentdm.oclc.org/iiif/p16445coll4:27076/canvas/c675#xywh=618,3081,1112,59",0003_p16445coll4:27076.jpg
BOOKSELLERS,Booksellers in General,p. 648 (scan 676),†,Publishers,"Moxon Edward,",,44 Dover st.Piccadilly,,"https://cdm16445.contentdm.oclc.org/iiif/p16445coll4:27076/canvas/c675#xywh=619,3148,1111,54",0003_p16445coll4:27076.jpg
BOOKSELLERS,Booksellers in General,p. 648 (scan 676),c,Bookbinders,Mudie C.&P.,,15St. Martin's ct. Leices.sq.,,"https://cdm16445.contentdm.oclc.org/iiif/p16445coll4:27076/canvas/c675#xywh=617,3211,1113,55",0003_p16445coll4:27076.jpg
BOOKSELLERS,Booksellers in General,p. 648 (scan 676),,,Mudie John Y.,,38 Princes st. Leices. sq,,"https://cdm16445.contentdm.oclc.org/iiif/p16445coll4:27076/canvas/c675#xywh=617,3276,1113,53",0003_p16445coll4:27076.jpg
BOOKSELLERS,Booksellers in General,p. 648 (scan 676),,,Murcott Chas.,,"63 King street, Soho",,"https://cdm16445.contentdm.oclc.org/iiif/p16445coll4:27076/canvas/c675#xywh=617,3339,1002,54",0003_p16445coll4:27076.jpg
BOOKSELLERS,Booksellers in General,p. 648 (scan 676),*‖,Printers; General Stationers,Murphy T.,,10 Denmark ter. Islington,,"https://cdm16445.contentdm.oclc.org/iiif/p16445coll4:27076/canvas/c675#xywh=617,3400,1113,58",0003_p16445coll4:27076.jpg
BOOKSELLERS,Booksellers in General,p. 648 (scan 676),‖b,General Stationers; Account-book makers,Murray Hen.,,3 Coventry st.Haymarket,,"https://cdm16445.contentdm.oclc.org/iiif/p16445coll4:27076/canvas/c675#xywh=618,3467,1112,54",0003_p16445coll4:27076.jpg
BOOKSELLERS,Booksellers in General,p. 648 (scan 676),†,Publishers,"Murray John,",,50 Albemarle street,,"https://cdm16445.contentdm.oclc.org/iiif/p16445coll4:27076/canvas/c675#xywh=617,3529,994,57",0003_p16445coll4:27076.jpg
BOOKSELLERS,Booksellers in General,p. 648 (scan 676),‖,General Stationers,"Murray John,",,"Mare street, Hackney",,"https://cdm16445.contentdm.oclc.org/iiif/p16445coll4:27076/canvas/c675#xywh=617,3595,1054,53",0003_p16445coll4:27076.jpg
BOOKSELLERS,Booksellers in General,p. 648 (scan 676),‖,General Stationers,"Murray John,",,101 Edgware road,,"https://cdm16445.contentdm.oclc.org/iiif/p16445coll4:27076/canvas/c675#xywh=617,3657,948,54",0003_p16445coll4:27076.jpg
BOOKSELLERS,Booksellers in General,p. 648 (scan 676),¶c†‖,Printsellers; Bookbinders; Publishers; General Stationers,"Murton Charles,",,12 St. Martin's ct,,"https://cdm16445.contentdm.oclc.org/iiif/p16445coll4:27076/canvas/c675#xywh=617,3718,1107,59",0003_p16445coll4:27076.jpg
BOOKSELLERS,Booksellers in General,p. 648 (scan 676),,,Nash Mrs.P.,,"16 Parker's row, Bermonds",,"https://cdm16445.contentdm.oclc.org/iiif/p16445coll4:27076/canvas/c675#xywh=617,3784,1113,54",0003_p16445coll4:27076.jpg
BOOKSELLERS,Booksellers in General,p. 648 (scan 676),,,Nattali M.A.,,19 Southampton st.Cov.gar,,"https://cdm16445.contentdm.oclc.org/iiif/p16445coll4:27076/canvas/c675#xywh=617,3848,1113,54",0003_p16445coll4:27076.jpg
BOOKSELLERS,Booksellers in General,p. 648 (scan 676),‖,General Stationers,"New William,",,11 Strand,,"https://cdm16445.contentdm.oclc.org/iiif/p16445coll4:27076/canvas/c675#xywh=617,3907,721,62",0003_p16445coll4:27076.jpg
BOOKSELLERS,Booksellers in General,p. 648 (scan 676),†,Publishers,Newman A. K. & Co.,who.,32 Leadh.st,,"https://cdm16445.contentdm.oclc.org/iiif/p16445coll4:27076/canvas/c675#xywh=617,3973,1113,57",0003_p16445coll4:27076.jpg
BOOKSELLERS,Booksellers in General,p. 648 (scan 676),,,"Newman James,",old,235 High Holborn,,"https://cdm16445.contentdm.oclc.org/iiif/p16445coll4:27076/canvas/c675#xywh=617,4033,1113,61",0003_p16445coll4:27076.jpg
BOOKSELLERS,Booksellers in General,p. 648 (scan 676),,,"Newman William,",,160 Fenchurch street,,"https://cdm16445.contentdm.oclc.org/iiif/p16445coll4:27076/canvas/c675#xywh=617,4094,1113,61",0003_p16445coll4:27076.jpg
BOOKSELLERS,Booksellers in General,p. 648 (scan 676),†‖,Publishers; General Stationers,Nisbet James & Co.,,21 Berners street,,"https://cdm16445.contentdm.oclc.org/iiif/p16445coll4:27076/canvas/c675#xywh=617,4161,1112,56",0003_p16445coll4:27076.jpg
BOOKSELLERS,Booksellers in General,p. 648 (scan 676),,,Noble T.,,79 Fleet st. & 109 Chancery la,,"https://cdm16445.contentdm.oclc.org/iiif/p16445coll4:27076/canvas/c675#xywh=617,4225,1113,55",0003_p16445coll4:27076.jpg
BOOKSELLERS,Booksellers in General,p. 648 (scan 676),,,Norie John W. & Co.,,,Wilson Charles,"https://cdm16445.contentdm.oclc.org/iiif/p16445coll4:27076/canvas/c675#xywh=617,4290,1113,54",0003_p16445coll4:27076.jpg
BOOKSELLERS,Booksellers in General,p. 648 (scan 676),‖a,General Stationers; Newsvenders,"Norris John,",,58 Fetter lane,,"https://cdm16445.contentdm.oclc.org/iiif/p16445coll4:27076/canvas/c675#xywh=617,4355,812,54",0003_p16445coll4:27076.jpg
BOOKSELLERS,Booksellers in General,p. 648 (scan 676),†,Publishers,"Oldfield Jesse,",,11 & 12 Bolt ct. Fleet st,,"https://cdm16445.contentdm.oclc.org/iiif/p16445coll4:27076/canvas/c675#xywh=617,4415,1113,58",0003_p16445coll4:27076.jpg
BOOKSELLERS,Booksellers in General,p. 648 (scan 676),¶,Printsellers,"Orger & Meryon,",,174 Fenchurch street,,"https://cdm16445.contentdm.oclc.org/iiif/p16445coll4:27076/canvas/c675#xywh=617,4609,1113,58",0003_p16445coll4:27076.jpg
BOOKSELLERS,Booksellers in General,p. 648 (scan 676),†,Publishers,Orr Wm. S. & Co.,,2 & 3 Amen corner,,"https://cdm16445.contentdm.oclc.org/iiif/p16445coll4:27076/canvas/c675#xywh=617,4676,1090,55",0003_p16445coll4:27076.jpg
BOOKSELLERS,Booksellers in General,p. 648 (scan 676),†,Publishers,Paine Thos.,,"22 Bride lane, Fleet street",,"https://cdm16445.contentdm.oclc.org/iiif/p16445coll4:27076/canvas/c675#xywh=617,4865,1100,59",0003_p16445coll4:27076.jpg
BOOKSELLERS,Booksellers in General,p. 648 (scan 676),b,Account-book makers,Palmer Geo.,,5 Copthall buildings,,"https://cdm16445.contentdm.oclc.org/iiif/p16445coll4:27076/canvas/c675#xywh=617,4992,971,58",0003_p16445coll4:27076.jpg
BOOKSELLERS,Booksellers in General,p. 648 (scan 676),,,"Palmer James,",,14 Union st. Bishopsgate,,"https://cdm16445.contentdm.oclc.org/iiif/p16445coll4:27076/canvas/c675#xywh=617,5057,1109,56",0003_p16445coll4:27076.jpg
BOOKSELLERS,Booksellers in General,p. 648 (scan 676),‖,General Stationers,Palmer Wm.,,New Bridge st. Vauxhall,,"https://cdm16445.contentdm.oclc.org/iiif/p16445coll4:27076/canvas/c675#xywh=617,5122,1113,56",0003_p16445coll4:27076.jpg
BOOKSELLERS,Booksellers in General,p. 648 (scan 676),,,Parker P. & P.,,181 Long la. Bermondsey,,"https://cdm16445.contentdm.oclc.org/iiif/p16445coll4:27076/canvas/c675#xywh=617,5187,1113,58",0003_p16445coll4:27076.jpg
BOOKSELLERS,Booksellers in General,p. 648 (scan 676),†,Publishers,"Parker John William,",,445 Strand,,"https://cdm16445.contentdm.oclc.org/iiif/p16445coll4:27076/canvas/c675#xywh=617,5248,972,63",0003_p16445coll4:27076.jpg
BOOKSELLERS,Booksellers in General,p. 648 (scan 676),c‖,Bookbinders; General Stationers,"Parkins John,",,2 Church st.Westminstr,,"https://cdm16445.contentdm.oclc.org/iiif/p16445coll4:27076/canvas/c675#xywh=617,5312,1106,63",0003_p16445coll4:27076.jpg
BOOKSELLERS,Booksellers in General,p. 648 (scan 676),‖a,General Stationers; Newsvenders,Partrington C.,,38 Portman pl. Edg. rd,,"https://cdm16445.contentdm.oclc.org/iiif/p16445coll4:27076/canvas/c675#xywh=617,5378,1111,57",0003_p16445coll4:27076.jpg
BOOKSELLERS,Booksellers in General,p. 648 (scan 676),†,Publishers,"Pasco John,",,12 Paternoster row,,"https://cdm16445.contentdm.oclc.org/iiif/p16445coll4:27076/canvas/c675#xywh=617,5440,923,63",0003_p16445coll4:27076.jpg
BOOKSELLERS,Booksellers in General,p. 648 (scan 676),,,Passarge H.,,13 Compton st. Brunswk. sq,,"https://cdm16445.contentdm.oclc.org/iiif/p16445coll4:27076/canvas/c675#xywh=617,5507,1104,61",0003_p16445coll4:27076.jpg
BOOKSELLERS,Booksellers in General,p. 648 (scan 676),‖,General Stationers,Pattie D.,,10 St. Alban's pl. Edgware rd,,"https://cdm16445.contentdm.oclc.org/iiif/p16445coll4:27076/canvas/c675#xywh=617,5569,1110,62",0003_p16445coll4:27076.jpg
BOOKSELLERS,Booksellers in General,p. 648 (scan 676),†,Publishers,"Pattie James,",,4 Brydges st. Cov. gardn,,"https://cdm16445.contentdm.oclc.org/iiif/p16445coll4:27076/canvas/c675#xywh=617,5636,1112,61",0003_p16445coll4:27076.jpg
BOOKSELLERS,Booksellers in General,p. 648 (scan 676),†,Publishers,"Paul James,",,52 Paternoster row,,"https://cdm16445.contentdm.oclc.org/iiif/p16445coll4:27076/canvas/c675#xywh=617,5700,922,54",0003_p16445coll4:27076.jpg
BOOKSELLERS,Booksellers in General,p. 648 (scan 676),‖,General Stationers,Pausey Rt.,,27 Exeter st. Knightsbridge,,"https://cdm16445.contentdm.oclc.org/iiif/p16445coll4:27076/canvas/c675#xywh=617,5760,1107,64",0003_p16445coll4:27076.jpg
BOOKSELLERS,Booksellers in General,p. 648 (scan 676),,,"Payne & Foss,",,81 Pall mall,,"https://cdm16445.contentdm.oclc.org/iiif/p16445coll4:27076/canvas/c675#xywh=617,5822,767,66",0003_p16445coll4:27076.jpg
BOOKSELLERS,Booksellers in General,p. 648 (scan 676),†‖,Publishers; General Stationers,"Peacock & Mansfield,",,18 Salisbury sq,,"https://cdm16445.contentdm.oclc.org/iiif/p16445coll4:27076/canvas/c675#xywh=617,5888,1113,57",0003_p16445coll4:27076.jpg
BOOKSELLERS,Booksellers in General,p. 648 (scan 676),,,Pearsey Mrs. M. A.,,11 Grafton st. Soho,,"https://cdm16445.contentdm.oclc.org/iiif/p16445coll4:27076/canvas/c675#xywh=1757,475,1082,53",0003_p16445coll4:27076.jpg
BOOKSELLERS,Booksellers in General,p. 648 (scan 676),‖,General Stationers,"PearsonWilliam,",,36 Bishopsgate within,,"https://cdm16445.contentdm.oclc.org/iiif/p16445coll4:27076/canvas/c675#xywh=1757,536,1082,58",0003_p16445coll4:27076.jpg
BOOKSELLERS,Booksellers in General,p. 648 (scan 676),,,Perry Miss C.,,9 Lit. Bell al. Coleman st,,"https://cdm16445.contentdm.oclc.org/iiif/p16445coll4:27076/canvas/c675#xywh=1758,666,1079,56",0003_p16445coll4:27076.jpg
BOOKSELLERS,Booksellers in General,p. 648 (scan 676),,,"Pettit James,",,5 Goswell street,,"https://cdm16445.contentdm.oclc.org/iiif/p16445coll4:27076/canvas/c675#xywh=1760,732,848,52",0003_p16445coll4:27076.jpg
BOOKSELLERS,Booksellers in General,p. 648 (scan 676),§,Librarians,"Phillips Miss Ann,",,46 Jas. st. Oxford st,,"https://cdm16445.contentdm.oclc.org/iiif/p16445coll4:27076/canvas/c675#xywh=1757,796,1082,53",0003_p16445coll4:27076.jpg
BOOKSELLERS,Booksellers in General,p. 648 (scan 676),‖,General Stationers,Phillips Hen.,,21 North Audley street,,"https://cdm16445.contentdm.oclc.org/iiif/p16445coll4:27076/canvas/c675#xywh=1758,860,1081,54",0003_p16445coll4:27076.jpg
BOOKSELLERS,Booksellers in General,p. 648 (scan 676),†,Publishers,Pickering Wm.,old,57 Chancery la,,"https://cdm16445.contentdm.oclc.org/iiif/p16445coll4:27076/canvas/c675#xywh=1758,924,1081,53",0003_p16445coll4:27076.jpg
BOOKSELLERS,Booksellers in General,p. 648 (scan 676),,,"Raven William,",,16 Eyre street hill,,"https://cdm16445.contentdm.oclc.org/iiif/p16445coll4:27076/canvas/c675#xywh=1762,2322,959,60",0003_p16445coll4:27076.jpg
BOOKSELLERS,Booksellers in General,p. 648 (scan 676),,,"Reece John,",,32 Clement's la. Lombard st,,"https://cdm16445.contentdm.oclc.org/iiif/p16445coll4:27076/canvas/c675#xywh=1762,2388,1077,55",0003_p16445coll4:27076.jpg
BOOKSELLERS,Booksellers in General,p. 648 (scan 676),,,Reeves Wm.,old,7 Bridge ct.Westmin,,"https://cdm16445.contentdm.oclc.org/iiif/p16445coll4:27076/canvas/c675#xywh=1762,2453,1077,54",0003_p16445coll4:27076.jpg
BOOKSELLERS,Booksellers in General,p. 648 (scan 676),,,"Reid John,",,"3 Crane court, Fleet street",,"https://cdm16445.contentdm.oclc.org/iiif/p16445coll4:27076/canvas/c675#xywh=1761,2512,1073,60",0003_p16445coll4:27076.jpg
BOOKSELLERS,Booksellers in General,p. 648 (scan 676),,,Reid Mrs. M. A.,,22 Felix ter. Liverpl. rd,,"https://cdm16445.contentdm.oclc.org/iiif/p16445coll4:27076/canvas/c675#xywh=1761,2578,1078,58",0003_p16445coll4:27076.jpg
BOOKSELLERS,Booksellers in General,p. 648 (scan 676),,,"Reid William,",,"17 Bath place, New road",,"https://cdm16445.contentdm.oclc.org/iiif/p16445coll4:27076/canvas/c675#xywh=1761,2642,1078,56",0003_p16445coll4:27076.jpg
BOOKSELLERS,Booksellers in General,p. 648 (scan 676),‖,General Stationers,"Relfe & Fletcher,",,17 Cornhill,,"https://cdm16445.contentdm.oclc.org/iiif/p16445coll4:27076/canvas/c675#xywh=1761,2702,840,60",0003_p16445coll4:27076.jpg
BOOKSELLERS,Booksellers in General,p. 648 (scan 676),c,Bookbinders,Restell Wm.,,23 Charlotte st. Blkfriars,,"https://cdm16445.contentdm.oclc.org/iiif/p16445coll4:27076/canvas/c675#xywh=1757,2766,1074,56",0003_p16445coll4:27076.jpg
BOOKSELLERS,Booksellers in General,p. 648 (scan 676),§‖,Librarians; General Stationers,"Reynolds John,",,"11 Church row, Aldgt",,"https://cdm16445.contentdm.oclc.org/iiif/p16445coll4:27076/canvas/c675#xywh=1758,2831,1081,58",0003_p16445coll4:27076.jpg
BOOKSELLERS,Booksellers in General,p. 648 (scan 676),§‖a,Librarians; General Stationers; Newsvenders,"Rice Charles & Son,",,123 Mount st,,"https://cdm16445.contentdm.oclc.org/iiif/p16445coll4:27076/canvas/c675#xywh=1757,2892,1034,59",0003_p16445coll4:27076.jpg
BOOKSELLERS,Booksellers in General,p. 648 (scan 676),‖,General Stationers,"Richards Henry,",,14 Great Portland st,,"https://cdm16445.contentdm.oclc.org/iiif/p16445coll4:27076/canvas/c675#xywh=1757,2958,1082,54",0003_p16445coll4:27076.jpg
BOOKSELLERS,Booksellers in General,p. 648 (scan 676),‖,General Stationers,Richardson H.S.,,Stockwell st. Greenwh,,"https://cdm16445.contentdm.oclc.org/iiif/p16445coll4:27076/canvas/c675#xywh=1757,3022,1082,53",0003_p16445coll4:27076.jpg
BOOKSELLERS,Booksellers in General,p. 648 (scan 676),,,"Richardson James Mallcott,",,23 Cornhill,,"https://cdm16445.contentdm.oclc.org/iiif/p16445coll4:27076/canvas/c675#xywh=1757,3084,1082,54",0003_p16445coll4:27076.jpg
BOOKSELLERS,Booksellers in General,p. 648 (scan 676),†‖*,Publishers; General Stationers; Printers,"Richardson Pelham,",,23 Cornhill,,"https://cdm16445.contentdm.oclc.org/iiif/p16445coll4:27076/canvas/c675#xywh=1757,3149,985,52",0003_p16445coll4:27076.jpg
BOOKSELLERS,Booksellers in General,p. 648 (scan 676),‖,General Stationers,Richardson Rd.,,21 St. John st. Clknwl,,"https://cdm16445.contentdm.oclc.org/iiif/p16445coll4:27076/canvas/c675#xywh=1757,3211,1082,55",0003_p16445coll4:27076.jpg
BOOKSELLERS,Booksellers in General,p. 648 (scan 676),‖a,General Stationers; Newsvenders,Richmond Wm.,,8 Carlton st. Regent st,,"https://cdm16445.contentdm.oclc.org/iiif/p16445coll4:27076/canvas/c675#xywh=1757,3274,1082,55",0003_p16445coll4:27076.jpg
BOOKSELLERS,Booksellers in General,p. 648 (scan 676),†,Publishers,"Ridgway James & Sons,",,169 Piccadilly,,"https://cdm16445.contentdm.oclc.org/iiif/p16445coll4:27076/canvas/c675#xywh=1757,3335,1082,60",0003_p16445coll4:27076.jpg
BOOKSELLERS,Booksellers in General,p. 648 (scan 676),‖,General Stationers,Rigby Mrs.J.,,23 Compton st. Brunsw.sq,,"https://cdm16445.contentdm.oclc.org/iiif/p16445coll4:27076/canvas/c675#xywh=1757,3399,1082,59",0003_p16445coll4:27076.jpg
BOOKSELLERS,Booksellers in General,p. 648 (scan 676),†,Publishers,Rivington J. & G. & F. & J.,,62 St.Paul's,,"https://cdm16445.contentdm.oclc.org/iiif/p16445coll4:27076/canvas/c675#xywh=1757,3465,1082,56",0003_p16445coll4:27076.jpg
BOOKSELLERS,Booksellers in General,p. 648 (scan 676),‖a,General Stationers; Newsvenders,"Roberts Joseph,",,2 Low. Grosvenor pl,,"https://cdm16445.contentdm.oclc.org/iiif/p16445coll4:27076/canvas/c675#xywh=1757,3653,1082,60",0003_p16445coll4:27076.jpg
BOOKSELLERS,Booksellers in General,p. 648 (scan 676),,,Robertson Andw.,,"5 Gt.Turnstile,Holborn",,"https://cdm16445.contentdm.oclc.org/iiif/p16445coll4:27076/canvas/c675#xywh=1757,3720,1082,56",0003_p16445coll4:27076.jpg
BOOKSELLERS,Booksellers in General,p. 648 (scan 676),†¶,Publishers; Printsellers,"Robins Joseph,",,"3 Bride court, Fleet st",,"https://cdm16445.contentdm.oclc.org/iiif/p16445coll4:27076/canvas/c675#xywh=1757,3783,1082,58",0003_p16445coll4:27076.jpg
BOOKSELLERS,Booksellers in General,p. 648 (scan 676),,,"Robinson Joseph,",,40 High Holborn,,"https://cdm16445.contentdm.oclc.org/iiif/p16445coll4:27076/canvas/c675#xywh=1757,3843,981,63",0003_p16445coll4:27076.jpg
BOOKSELLERS,Booksellers in General,p. 648 (scan 676),,,Robson & Bowtell,directory publishers,"4 Cloak lane, City",,"https://cdm16445.contentdm.oclc.org/iiif/p16445coll4:27076/canvas/c675#xywh=1757,3909,1082,60",0003_p16445coll4:27076.jpg
BOOKSELLERS,Booksellers in General,p. 648 (scan 676),†,Publishers,"RoddThomas,",,2 Gt.Newport st.Long acr,,"https://cdm16445.contentdm.oclc.org/iiif/p16445coll4:27076/canvas/c675#xywh=1757,4033,1082,59",0003_p16445coll4:27076.jpg
BOOKSELLERS,Booksellers in General,p. 648 (scan 676),,,"Rodwell John,",,46 New Bond street,,"https://cdm16445.contentdm.oclc.org/iiif/p16445coll4:27076/canvas/c675#xywh=1757,4098,982,58",0003_p16445coll4:27076.jpg
BOOKSELLERS,Booksellers in General,p. 648 (scan 676),‖,General Stationers,Rodwell Rt.,,"2 Surrey place,Kennington",,"https://cdm16445.contentdm.oclc.org/iiif/p16445coll4:27076/canvas/c675#xywh=1757,4161,1082,60",0003_p16445coll4:27076.jpg
BOOKSELLERS,Booksellers in General,p. 648 (scan 676),§,Librarians,"Rolandi Peter,",,20 Berners street,,"https://cdm16445.contentdm.oclc.org/iiif/p16445coll4:27076/canvas/c675#xywh=1757,4225,935,60",0003_p16445coll4:27076.jpg
BOOKSELLERS,Booksellers in General,p. 648 (scan 676),,,Rouge Jean B.,,71 Charlotte st.Fitzroy sq,,"https://cdm16445.contentdm.oclc.org/iiif/p16445coll4:27076/canvas/c675#xywh=1757,4289,1082,61",0003_p16445coll4:27076.jpg
BOOKSELLERS,Booksellers in General,p. 648 (scan 676),§‖†¶,Librarians; General Stationers; Publishers; Printsellers,"Routledge George,",,11 Ryder's ct,,"https://cdm16445.contentdm.oclc.org/iiif/p16445coll4:27076/canvas/c675#xywh=1757,4353,1041,59",0003_p16445coll4:27076.jpg
BOOKSELLERS,Booksellers in General,p. 648 (scan 676),*‖,Printers; General Stationers,"Royston & Brown,",,40 Old Broad street,,"https://cdm16445.contentdm.oclc.org/iiif/p16445coll4:27076/canvas/c675#xywh=1757,4417,1081,59",0003_p16445coll4:27076.jpg
BOOKSELLERS,Booksellers in General,p. 648 (scan 676),,,Rumsey John W.,,6 Wellington st.Strand,,"https://cdm16445.contentdm.oclc.org/iiif/p16445coll4:27076/canvas/c675#xywh=1757,4482,1082,57",0003_p16445coll4:27076.jpg
BOOKSELLERS,Booksellers in General,p. 648 (scan 676),†,Publishers,"Sainsbury John,",,35RedLion sq.Holborn,,"https://cdm16445.contentdm.oclc.org/iiif/p16445coll4:27076/canvas/c675#xywh=1757,4547,1082,57",0003_p16445coll4:27076.jpg
BOOKSELLERS,Booksellers in General,p. 648 (scan 676),‖,General Stationers,"Salter William,",,17 New st. Dorset sq,,"https://cdm16445.contentdm.oclc.org/iiif/p16445coll4:27076/canvas/c675#xywh=1757,4609,1039,61",0003_p16445coll4:27076.jpg
BOOKSELLERS,Booksellers in General,p. 648 (scan 676),†§‖¶,Publishers; Librarians; General Stationers; Printsellers,"Sams William,",,1 St. James's street,,"https://cdm16445.contentdm.oclc.org/iiif/p16445coll4:27076/canvas/c675#xywh=1757,4672,1082,62",0003_p16445coll4:27076.jpg
BOOKSELLERS,Booksellers in General,p. 648 (scan 676),,,Sandall Rt.,,"12 Peerless place, City road",,"https://cdm16445.contentdm.oclc.org/iiif/p16445coll4:27076/canvas/c675#xywh=1757,4737,1082,61",0003_p16445coll4:27076.jpg
BOOKSELLERS,Booksellers in General,p. 648 (scan 676),,,"Sanders John,",,"2 New street, Clothfair",,"https://cdm16445.contentdm.oclc.org/iiif/p16445coll4:27076/canvas/c675#xywh=1757,4804,1045,55",0003_p16445coll4:27076.jpg
BOOKSELLERS,Booksellers in General,p. 648 (scan 676),†,Publishers,"Saunders & Otley,",,50 Conduit street,,"https://cdm16445.contentdm.oclc.org/iiif/p16445coll4:27076/canvas/c675#xywh=1757,4866,1052,60",0003_p16445coll4:27076.jpg
BOOKSELLERS,Booksellers in General,p. 648 (scan 676),†,Publishers,"Saunders John,",,"2 New street, Clothfair",,"https://cdm16445.contentdm.oclc.org/iiif/p16445coll4:27076/canvas/c675#xywh=1757,4931,1082,56",0003_p16445coll4:27076.jpg
BOOKSELLERS,Booksellers in General,p. 648 (scan 676),‖,General Stationers,Saywell Rd.,,19 Bedford st. Bedford row,,"https://cdm16445.contentdm.oclc.org/iiif/p16445coll4:27076/canvas/c675#xywh=1757,4995,1082,56",0003_p16445coll4:27076.jpg
BOOKSELLERS,Booksellers in General,p. 648 (scan 676),,,"Scates Joseph,",bible,40 Frith st. Soho,,"https://cdm16445.contentdm.oclc.org/iiif/p16445coll4:27076/canvas/c675#xywh=1757,5059,1082,55",0003_p16445coll4:27076.jpg
BOOKSELLERS,Booksellers in General,p. 648 (scan 676),†,Publishers,"Scott,Webster & Co.",,36 Charterhouse sq,,"https://cdm16445.contentdm.oclc.org/iiif/p16445coll4:27076/canvas/c675#xywh=1757,5121,1082,57",0003_p16445coll4:27076.jpg
BOOKSELLERS,Booksellers in General,p. 648 (scan 676),,,Sculthorpe Rd.,,99 Gt. Peter st. Westmin,,"https://cdm16445.contentdm.oclc.org/iiif/p16445coll4:27076/canvas/c675#xywh=1757,5186,1082,56",0003_p16445coll4:27076.jpg
BOOKSELLERS,Booksellers in General,p. 648 (scan 676),†,Publishers,"Seeley & Burnside,",,54 Fleet street,,"https://cdm16445.contentdm.oclc.org/iiif/p16445coll4:27076/canvas/c675#xywh=1757,5252,967,56",0003_p16445coll4:27076.jpg
BOOKSELLERS,Booksellers in General,p. 648 (scan 676),†,Publishers,"Seeley Leonard & George,",,169 Fleet st,,"https://cdm16445.contentdm.oclc.org/iiif/p16445coll4:27076/canvas/c675#xywh=1757,5315,1060,58",0003_p16445coll4:27076.jpg
BOOKSELLERS,Booksellers in General,p. 648 (scan 676),,,Seguin Wm.,,12 Regent st. Waterloo pl,,"https://cdm16445.contentdm.oclc.org/iiif/p16445coll4:27076/canvas/c675#xywh=1757,5378,1064,58",0003_p16445coll4:27076.jpg
BOOKSELLERS,Booksellers in General,p. 648 (scan 676),,,Setchel John F.,old,23King st.Cov.gar,,"https://cdm16445.contentdm.oclc.org/iiif/p16445coll4:27076/canvas/c675#xywh=1757,5443,1082,57",0003_p16445coll4:27076.jpg
BOOKSELLERS,Booksellers in General,p. 648 (scan 676),*‖,Printers; General Stationers,Sharp Wm. T.,,97 Upper st. Islington,,"https://cdm16445.contentdm.oclc.org/iiif/p16445coll4:27076/canvas/c675#xywh=1757,5506,1067,58",0003_p16445coll4:27076.jpg
BOOKSELLERS,Booksellers in General,p. 648 (scan 676),¶,Printsellers,"Sharpe Alfred,",,14 St. Martin's court,,"https://cdm16445.contentdm.oclc.org/iiif/p16445coll4:27076/canvas/c675#xywh=1757,5570,1038,56",0003_p16445coll4:27076.jpg
BOOKSELLERS,Booksellers in General,p. 648 (scan 676),†,Publishers,"Shaw John & Sons,",,137 & 138 Fetter la,,"https://cdm16445.contentdm.oclc.org/iiif/p16445coll4:27076/canvas/c675#xywh=1757,5632,1065,61",0003_p16445coll4:27076.jpg
BOOKSELLERS,Booksellers in General,p. 648 (scan 676),†‖,Publishers; General Stationers,Shaw John F.,,27 Southampton row,,"https://cdm16445.contentdm.oclc.org/iiif/p16445coll4:27076/canvas/c675#xywh=1757,5693,1023,68",0003_p16445coll4:27076.jpg
BOOKSELLERS,Booksellers in General,p. 648 (scan 676),†,Publishers,Sherwood & Co.,,23 Paternoster row,,"https://cdm16445.contentdm.oclc.org/iiif/p16445coll4:27076/canvas/c675#xywh=1757,5764,1006,52",0003_p16445coll4:27076.jpg
BOOKSELLERS,Booksellers in General,p. 648 (scan 676),†,Publishers,"Simpkin, Marshall & Co.",,4 Stationers'ct,,"https://cdm16445.contentdm.oclc.org/iiif/p16445coll4:27076/canvas/c675#xywh=1757,5825,1082,58",0003_p16445coll4:27076.jpg
BOOKSELLERS,Booksellers in General,p. 648 (scan 676),†,Publishers,"Smallfield John,",,69 Newgate street,,"https://cdm16445.contentdm.oclc.org/iiif/p16445coll4:27076/canvas/c675#xywh=1757,5888,991,61",0003_p16445coll4:27076.jpg
BOOKSELLERS,Booksellers in General,p. 648 (scan 676),‖,General Stationers,Perry Jas. & Co.,,37 Red Lion square,,"https://cdm16445.contentdm.oclc.org/iiif/p16445coll4:27076/canvas/c675#xywh=1778,589,1045,70",0003_p16445coll4:27076.jpg
BOOKSELLERS,Booksellers in General,p. 648 (scan 676),†,Publishers,Pigot James & Co.,publishers of Pigot & Co.'s directories,59 Fleet st,,"https://cdm16445.contentdm.oclc.org/iiif/p16445coll4:27076/canvas/c675#xywh=1759,984,1103,59",0003_p16445coll4:27076.jpg
BOOKSELLERS,Booksellers in General,p. 648 (scan 676),,,Pigott A.,,39 Harleyford pl. Kennington,,"https://cdm16445.contentdm.oclc.org/iiif/p16445coll4:27076/canvas/c675#xywh=1761,1114,1116,56",0003_p16445coll4:27076.jpg
BOOKSELLERS,Booksellers in General,p. 648 (scan 676),,,Pinkney F.,military,30 Charing cross,,"https://cdm16445.contentdm.oclc.org/iiif/p16445coll4:27076/canvas/c675#xywh=1761,1177,1102,54",0003_p16445coll4:27076.jpg
BOOKSELLERS,Booksellers in General,p. 648 (scan 676),†*,Publishers; Printers,"PittmanM.A.& Son,",,11& 20Warwick sq,,"https://cdm16445.contentdm.oclc.org/iiif/p16445coll4:27076/canvas/c675#xywh=1758,1240,1116,54",0003_p16445coll4:27076.jpg
BOOKSELLERS,Booksellers in General,p. 648 (scan 676),†,Publishers,Plant G.,,"Old Trinity house, Water la",,"https://cdm16445.contentdm.oclc.org/iiif/p16445coll4:27076/canvas/c675#xywh=1760,1302,1113,58",0003_p16445coll4:27076.jpg
BOOKSELLERS,Booksellers in General,p. 648 (scan 676),‖a,General Stationers; Newsvenders,PlummerW.,,46 Theobld. rd.RedLion sq,,"https://cdm16445.contentdm.oclc.org/iiif/p16445coll4:27076/canvas/c675#xywh=1760,1367,1098,57",0003_p16445coll4:27076.jpg
BOOKSELLERS,Booksellers in General,p. 648 (scan 676),‖¶,General Stationers; Printsellers,Pollard G.,,4 Williams pl. Walworth,,"https://cdm16445.contentdm.oclc.org/iiif/p16445coll4:27076/canvas/c675#xywh=1760,1429,1085,59",0003_p16445coll4:27076.jpg
BOOKSELLERS,Booksellers in General,p. 648 (scan 676),c,Bookbinders,"Pope James,",,12 Church st. Hackney,,"https://cdm16445.contentdm.oclc.org/iiif/p16445coll4:27076/canvas/c675#xywh=1756,1495,1047,54",0003_p16445coll4:27076.jpg
BOOKSELLERS,Booksellers in General,p. 648 (scan 676),‖,General Stationers,Porter Jos. L.,,43 Sloane st.Knightsbrge,,"https://cdm16445.contentdm.oclc.org/iiif/p16445coll4:27076/canvas/c675#xywh=1759,1555,1102,64",0003_p16445coll4:27076.jpg
BOOKSELLERS,Booksellers in General,p. 648 (scan 676),‖,General Stationers,"Potter William,",,12 Bear st. Leicester sq,,"https://cdm16445.contentdm.oclc.org/iiif/p16445coll4:27076/canvas/c675#xywh=1760,1624,1098,54",0003_p16445coll4:27076.jpg
BOOKSELLERS,Booksellers in General,p. 648 (scan 676),†¶a,Publishers; Printsellers; Newsvenders,Powell Hen.,,17 Bartholomew close,,"https://cdm16445.contentdm.oclc.org/iiif/p16445coll4:27076/canvas/c675#xywh=1760,1682,1072,66",0003_p16445coll4:27076.jpg
BOOKSELLERS,Booksellers in General,p. 648 (scan 676),‖,General Stationers,Powell W.,,"2 Newman's row, Linc. inn fi",,"https://cdm16445.contentdm.oclc.org/iiif/p16445coll4:27076/canvas/c675#xywh=1759,1747,1098,62",0003_p16445coll4:27076.jpg
BOOKSELLERS,Booksellers in General,p. 648 (scan 676),*,Printers,"Price William,",,12 Smithfield bars,,"https://cdm16445.contentdm.oclc.org/iiif/p16445coll4:27076/canvas/c675#xywh=1760,1814,997,54",0003_p16445coll4:27076.jpg
BOOKSELLERS,Booksellers in General,p. 648 (scan 676),,,"Priestley Richard,",,143 High Holborn,,"https://cdm16445.contentdm.oclc.org/iiif/p16445coll4:27076/canvas/c675#xywh=1763,1878,1038,54",0003_p16445coll4:27076.jpg
BOOKSELLERS,Booksellers in General,p. 648 (scan 676),‖†,General Stationers; Publishers,"Purkess George,",,"60 Dean street, Soho",,"https://cdm16445.contentdm.oclc.org/iiif/p16445coll4:27076/canvas/c675#xywh=1761,1942,1098,55",0003_p16445coll4:27076.jpg
BOOKSELLERS,Booksellers in General,p. 648 (scan 676),‖a,General Stationers; Newsvenders,"Puttock Charles,",,26 Grafton st. Soho,,"https://cdm16445.contentdm.oclc.org/iiif/p16445coll4:27076/canvas/c675#xywh=1762,2003,1097,59",0003_p16445coll4:27076.jpg
BOOKSELLERS,Booksellers in General,p. 648 (scan 676),†,Publishers,"Rainford Edward,",,86 High Holborn,,"https://cdm16445.contentdm.oclc.org/iiif/p16445coll4:27076/canvas/c675#xywh=1761,2065,1025,61",0003_p16445coll4:27076.jpg
BOOKSELLERS,Booksellers in General,p. 648 (scan 676),,,Ramsden Edwd.,,"12 Finch lane, Cornhill",,"https://cdm16445.contentdm.oclc.org/iiif/p16445coll4:27076/canvas/c675#xywh=1763,2131,1095,56",0003_p16445coll4:27076.jpg
BOOKSELLERS,Booksellers in General,p. 648 (scan 676),,,Ratcliffe Wm.,,15 Green st. Leicester sq,,"https://cdm16445.contentdm.oclc.org/iiif/p16445coll4:27076/canvas/c675#xywh=1764,2197,1093,54",0003_p16445coll4:27076.jpg
BOOKSELLERS,Booksellers in General,p. 648 (scan 676),‖,General Stationers,"Raynham Richard,",,1 Gray's inn passage,,"https://cdm16445.contentdm.oclc.org/iiif/p16445coll4:27076/canvas/c675#xywh=1762,2262,1097,54",0003_p16445coll4:27076.jpg
BOOKSELLERS,Booksellers in General,p. 648 (scan 676),,,"Chch.yd.& 3 Waterloo place,",,Pall mall,,"https://cdm16445.contentdm.oclc.org/iiif/p16445coll4:27076/canvas/c675#xywh=1803,3527,1079,59",0003_p16445coll4:27076.jpg
BOOKSELLERS,Booksellers in General,p. 648 (scan 676),‖,General Stationers,Robbins J.,,45 Up.Baker st. Regent's pk,,"https://cdm16445.contentdm.oclc.org/iiif/p16445coll4:27076/canvas/c675#xywh=1752,3592,1130,58",0003_p16445coll4:27076.jpg
BOOKSELLERS,Booksellers in General,p. 648 (scan 676),§,Librarians,Smallwood Edwd.,,17 Old Bond street,,"https://cdm16445.contentdm.oclc.org/iiif/p16445coll4:27076/canvas/c675#xywh=2866,471,1097,52",0003_p16445coll4:27076.jpg
BOOKSELLERS,Booksellers in General,p. 648 (scan 676),‖,General Stationers,"Smith & Cook,",,Stockwell green,,"https://cdm16445.contentdm.oclc.org/iiif/p16445coll4:27076/canvas/c675#xywh=2867,529,920,63",0003_p16445coll4:27076.jpg
BOOKSELLERS,Booksellers in General,p. 648 (scan 676),,,Smith John R.,old,4 Old Compton st,,"https://cdm16445.contentdm.oclc.org/iiif/p16445coll4:27076/canvas/c675#xywh=2879,662,1084,54",0003_p16445coll4:27076.jpg
BOOKSELLERS,Booksellers in General,p. 648 (scan 676),†*,Publishers; Printers,"Smith Joseph,",,193 High Holborn,,"https://cdm16445.contentdm.oclc.org/iiif/p16445coll4:27076/canvas/c675#xywh=2877,722,987,60",0003_p16445coll4:27076.jpg
BOOKSELLERS,Booksellers in General,p. 648 (scan 676),†,Publishers,"Smith William,",,113 Fleet street,,"https://cdm16445.contentdm.oclc.org/iiif/p16445coll4:27076/canvas/c675#xywh=2879,789,917,54",0003_p16445coll4:27076.jpg
BOOKSELLERS,Booksellers in General,p. 648 (scan 676),*‖a,Printers; General Stationers; Newsvenders,SmithW.,,3 Saville pl.N.Burlington st,,"https://cdm16445.contentdm.oclc.org/iiif/p16445coll4:27076/canvas/c675#xywh=2873,848,1090,60",0003_p16445coll4:27076.jpg
BOOKSELLERS,Booksellers in General,p. 648 (scan 676),†,Publishers,"Snow John,",,35 Paternoster row,,"https://cdm16445.contentdm.oclc.org/iiif/p16445coll4:27076/canvas/c675#xywh=2874,918,909,53",0003_p16445coll4:27076.jpg
BOOKSELLERS,Booksellers in General,p. 648 (scan 676),‖†,General Stationers; Publishers,"Souter John,",school,131 Fleet street,,"https://cdm16445.contentdm.oclc.org/iiif/p16445coll4:27076/canvas/c675#xywh=2874,981,1089,55",0003_p16445coll4:27076.jpg
BOOKSELLERS,Booksellers in General,p. 648 (scan 676),‖,General Stationers,Southee Thos. E.,,7 Lond. rd. Southwk,,"https://cdm16445.contentdm.oclc.org/iiif/p16445coll4:27076/canvas/c675#xywh=2873,1043,1090,59",0003_p16445coll4:27076.jpg
BOOKSELLERS,Booksellers in General,p. 648 (scan 676),†§‖¶a,Publishers; Librarians; General Stationers; Printsellers; Newsvenders,Southgate Jas. W. jun.,,164 Strand,,"https://cdm16445.contentdm.oclc.org/iiif/p16445coll4:27076/canvas/c675#xywh=2872,1110,1091,54",0003_p16445coll4:27076.jpg
BOOKSELLERS,Booksellers in General,p. 648 (scan 676),,,"Southgate Richard,",,47 Newman street,,"https://cdm16445.contentdm.oclc.org/iiif/p16445coll4:27076/canvas/c675#xywh=2885,1174,1078,55",0003_p16445coll4:27076.jpg
BOOKSELLERS,Booksellers in General,p. 648 (scan 676),‖§a,General Stationers; Librarians; Newsvenders,Southwell James C.,,2 Blandford st,,"https://cdm16445.contentdm.oclc.org/iiif/p16445coll4:27076/canvas/c675#xywh=2870,1237,1052,55",0003_p16445coll4:27076.jpg
BOOKSELLERS,Booksellers in General,p. 648 (scan 676),†,Publishers,SowerbyC. E.,,3 Mead's pl. Westminr.rd,,"https://cdm16445.contentdm.oclc.org/iiif/p16445coll4:27076/canvas/c675#xywh=2872,1300,1091,58",0003_p16445coll4:27076.jpg
BOOKSELLERS,Booksellers in General,p. 648 (scan 676),,,"Spence John,",,2 York st. Covent garden,,"https://cdm16445.contentdm.oclc.org/iiif/p16445coll4:27076/canvas/c675#xywh=2875,1363,1088,60",0003_p16445coll4:27076.jpg
BOOKSELLERS,Booksellers in General,p. 648 (scan 676),‖,General Stationers,"Spencer Richard,",,314 High Holborn,,"https://cdm16445.contentdm.oclc.org/iiif/p16445coll4:27076/canvas/c675#xywh=2873,1430,1047,55",0003_p16445coll4:27076.jpg
BOOKSELLERS,Booksellers in General,p. 648 (scan 676),,,Spon E.,,7 Crombie's r. Commerl. rd. east,,"https://cdm16445.contentdm.oclc.org/iiif/p16445coll4:27076/canvas/c675#xywh=2877,1494,1086,54",0003_p16445coll4:27076.jpg
BOOKSELLERS,Booksellers in General,p. 648 (scan 676),†,Publishers,Spon Edw. jun.,,15 Queen st. Cheapside,,"https://cdm16445.contentdm.oclc.org/iiif/p16445coll4:27076/canvas/c675#xywh=2872,1558,1091,62",0003_p16445coll4:27076.jpg
BOOKSELLERS,Booksellers in General,p. 648 (scan 676),†¶,Publishers; Printsellers,"Spooner William,",,377 Strand,,"https://cdm16445.contentdm.oclc.org/iiif/p16445coll4:27076/canvas/c675#xywh=2878,1618,893,64",0003_p16445coll4:27076.jpg
BOOKSELLERS,Booksellers in General,p. 648 (scan 676),,,Stancliff J.,,31 Sidney pl. Commer. rd. ea,,"https://cdm16445.contentdm.oclc.org/iiif/p16445coll4:27076/canvas/c675#xywh=2878,1689,1085,55",0003_p16445coll4:27076.jpg
BOOKSELLERS,Booksellers in General,p. 648 (scan 676),‖§,General Stationers; Librarians,Stanynought Mrs. L.,,84 Connaught ter,,"https://cdm16445.contentdm.oclc.org/iiif/p16445coll4:27076/canvas/c675#xywh=2876,1752,1087,56",0003_p16445coll4:27076.jpg
BOOKSELLERS,Booksellers in General,p. 648 (scan 676),*,Printers,Starie Joseph H.,,166 High Holborn,,"https://cdm16445.contentdm.oclc.org/iiif/p16445coll4:27076/canvas/c675#xywh=2874,1816,1036,56",0003_p16445coll4:27076.jpg
BOOKSELLERS,Booksellers in General,p. 648 (scan 676),†,Publishers,"Steill Benjamin,",,20 Paternoster row,,"https://cdm16445.contentdm.oclc.org/iiif/p16445coll4:27076/canvas/c675#xywh=2876,1879,1048,55",0003_p16445coll4:27076.jpg
BOOKSELLERS,Booksellers in General,p. 648 (scan 676),,,Stenson Chas.,,1 Charlotte st. Fitzroy sq,,"https://cdm16445.contentdm.oclc.org/iiif/p16445coll4:27076/canvas/c675#xywh=2879,1946,1084,54",0003_p16445coll4:27076.jpg
BOOKSELLERS,Booksellers in General,p. 648 (scan 676),§,Librarians,Stephens Rd.,,4 Clayton pl. Kenngtn. rd,,"https://cdm16445.contentdm.oclc.org/iiif/p16445coll4:27076/canvas/c675#xywh=2878,2008,1085,54",0003_p16445coll4:27076.jpg
BOOKSELLERS,Booksellers in General,p. 648 (scan 676),‖§,General Stationers; Librarians,"Stephenson William,",,12 Parliament st,,"https://cdm16445.contentdm.oclc.org/iiif/p16445coll4:27076/canvas/c675#xywh=2880,2069,1083,59",0003_p16445coll4:27076.jpg
BOOKSELLERS,Booksellers in General,p. 648 (scan 676),†,Publishers,Stevens W.,,42 Tottenham court road,,"https://cdm16445.contentdm.oclc.org/iiif/p16445coll4:27076/canvas/c675#xywh=2879,2135,1084,54",0003_p16445coll4:27076.jpg
BOOKSELLERS,Booksellers in General,p. 648 (scan 676),,,Stewart C. J.,,11 King William st. Strand,,"https://cdm16445.contentdm.oclc.org/iiif/p16445coll4:27076/canvas/c675#xywh=2878,2195,1085,60",0003_p16445coll4:27076.jpg
BOOKSELLERS,Booksellers in General,p. 648 (scan 676),,,Stibbs Edwd. C.,,25 Holywell st. Strand,,"https://cdm16445.contentdm.oclc.org/iiif/p16445coll4:27076/canvas/c675#xywh=2879,2260,1084,54",0003_p16445coll4:27076.jpg
BOOKSELLERS,Booksellers in General,p. 648 (scan 676),‖,General Stationers,"Stocken Charles,",,"53 Quadrant,Regent st",,"https://cdm16445.contentdm.oclc.org/iiif/p16445coll4:27076/canvas/c675#xywh=2882,2323,1081,54",0003_p16445coll4:27076.jpg
BOOKSELLERS,Booksellers in General,p. 648 (scan 676),‖,General Stationers,"Stocking Henry,",,74 Gracechurch street,,"https://cdm16445.contentdm.oclc.org/iiif/p16445coll4:27076/canvas/c675#xywh=2882,2385,1080,54",0003_p16445coll4:27076.jpg
BOOKSELLERS,Booksellers in General,p. 648 (scan 676),,,Stockley G.,,21 Oxford st. & Camberwell,,"https://cdm16445.contentdm.oclc.org/iiif/p16445coll4:27076/canvas/c675#xywh=2881,2444,1082,61",0003_p16445coll4:27076.jpg
BOOKSELLERS,Booksellers in General,p. 648 (scan 676),†,Publishers,"Strange William,",,21 Paternoster row,,"https://cdm16445.contentdm.oclc.org/iiif/p16445coll4:27076/canvas/c675#xywh=2877,2510,1077,57",0003_p16445coll4:27076.jpg
BOOKSELLERS,Booksellers in General,p. 648 (scan 676),,,"Stroud David,",,163 Blackfriars road,,"https://cdm16445.contentdm.oclc.org/iiif/p16445coll4:27076/canvas/c675#xywh=2881,2576,982,52",0003_p16445coll4:27076.jpg
BOOKSELLERS,Booksellers in General,p. 648 (scan 676),,,"Stutchbury Henry,",,47 Theobald's road,,"https://cdm16445.contentdm.oclc.org/iiif/p16445coll4:27076/canvas/c675#xywh=2878,2635,1075,59",0003_p16445coll4:27076.jpg
BOOKSELLERS,Booksellers in General,p. 648 (scan 676),†,Publishers,SuttabyRobt. & Co.,,1 & 2 Stationers' ct,,"https://cdm16445.contentdm.oclc.org/iiif/p16445coll4:27076/canvas/c675#xywh=2867,2701,1096,54",0003_p16445coll4:27076.jpg
BOOKSELLERS,Booksellers in General,p. 648 (scan 676),¶‖a,Printsellers; General Stationers; Newsvenders,"Swain James,",,14 Gt. Marylebone st,,"https://cdm16445.contentdm.oclc.org/iiif/p16445coll4:27076/canvas/c675#xywh=2869,2764,1094,62",0003_p16445coll4:27076.jpg
BOOKSELLERS,Booksellers in General,p. 648 (scan 676),†§a,Publishers; Librarians; Newsvenders,SwaleR.& W.H.,,21Gt.Russell st. Blms,,"https://cdm16445.contentdm.oclc.org/iiif/p16445coll4:27076/canvas/c675#xywh=2866,2827,1097,57",0003_p16445coll4:27076.jpg
BOOKSELLERS,Booksellers in General,p. 648 (scan 676),§,Librarians,"Swift James,",,4 Lit. Queen st. Westmnr,,"https://cdm16445.contentdm.oclc.org/iiif/p16445coll4:27076/canvas/c675#xywh=2866,2893,1097,56",0003_p16445coll4:27076.jpg
BOOKSELLERS,Booksellers in General,p. 648 (scan 676),§‖a,Librarians; General Stationers; Newsvenders,"Symons Thomas,",,4 Brompton terrace,,"https://cdm16445.contentdm.oclc.org/iiif/p16445coll4:27076/canvas/c675#xywh=2866,2949,1097,71",0003_p16445coll4:27076.jpg
BOOKSELLERS,Booksellers in General,p. 648 (scan 676),†,Publishers,"Talboys David Alphonso,",,113 Fleet st,,"https://cdm16445.contentdm.oclc.org/iiif/p16445coll4:27076/canvas/c675#xywh=2869,3020,1094,55",0003_p16445coll4:27076.jpg
BOOKSELLERS,Booksellers in General,p. 648 (scan 676),†,Publishers,"Tallis John,",,15 St. John's la. Smithfield,,"https://cdm16445.contentdm.oclc.org/iiif/p16445coll4:27076/canvas/c675#xywh=2866,3081,1097,59",0003_p16445coll4:27076.jpg
BOOKSELLERS,Booksellers in General,p. 648 (scan 676),¶,Printsellers,"Tayleure John,",,2Adelaide st.West Strd,,"https://cdm16445.contentdm.oclc.org/iiif/p16445coll4:27076/canvas/c675#xywh=2866,3211,1097,54",0003_p16445coll4:27076.jpg
BOOKSELLERS,Booksellers in General,p. 648 (scan 676),†,Publishers,"Taylor&Walton,",,28 Up.Gower st.Bed.sq,,"https://cdm16445.contentdm.oclc.org/iiif/p16445coll4:27076/canvas/c675#xywh=2870,3274,1093,55",0003_p16445coll4:27076.jpg
BOOKSELLERS,Booksellers in General,p. 648 (scan 676),,,"Taylor John,",,85 Chiswell street,,"https://cdm16445.contentdm.oclc.org/iiif/p16445coll4:27076/canvas/c675#xywh=2874,3337,873,55",0003_p16445coll4:27076.jpg
BOOKSELLERS,Booksellers in General,p. 648 (scan 676),†,Publishers,"Taylor John,",,1 Red Lion st. Holborn,,"https://cdm16445.contentdm.oclc.org/iiif/p16445coll4:27076/canvas/c675#xywh=2868,3399,1080,59",0003_p16445coll4:27076.jpg
BOOKSELLERS,Booksellers in General,p. 648 (scan 676),†¶,Publishers; Printsellers,"Taylor Martin,",,1 Welngtn. st. Strand,,"https://cdm16445.contentdm.oclc.org/iiif/p16445coll4:27076/canvas/c675#xywh=2872,3465,1091,54",0003_p16445coll4:27076.jpg
BOOKSELLERS,Booksellers in General,p. 648 (scan 676),‖,General Stationers,"Taylor Thomas,",,63 Edgware road,,"https://cdm16445.contentdm.oclc.org/iiif/p16445coll4:27076/canvas/c675#xywh=2869,3527,970,58",0003_p16445coll4:27076.jpg
BOOKSELLERS,Booksellers in General,p. 648 (scan 676),†,Publishers,"Tegg Thomas,",,73 Cheapside,,"https://cdm16445.contentdm.oclc.org/iiif/p16445coll4:27076/canvas/c675#xywh=2869,3594,823,53",0003_p16445coll4:27076.jpg
BOOKSELLERS,Booksellers in General,p. 648 (scan 676),‖†,General Stationers; Publishers,"Templeman John,",,248 Regent street,,"https://cdm16445.contentdm.oclc.org/iiif/p16445coll4:27076/canvas/c675#xywh=2866,3656,1074,56",0003_p16445coll4:27076.jpg
BOOKSELLERS,Booksellers in General,p. 648 (scan 676),,,Theobald Robt.,,89 Bartholomew close,,"https://cdm16445.contentdm.oclc.org/iiif/p16445coll4:27076/canvas/c675#xywh=2871,3721,1070,54",0003_p16445coll4:27076.jpg
BOOKSELLERS,Booksellers in General,p. 648 (scan 676),,,Thomas Mrs. E.,,23 Trinity sq.Tower hill,,"https://cdm16445.contentdm.oclc.org/iiif/p16445coll4:27076/canvas/c675#xywh=2871,3784,1092,55",0003_p16445coll4:27076.jpg
BOOKSELLERS,Booksellers in General,p. 648 (scan 676),†a,Publishers; Newsvenders,"Thomas Joseph,",,"1 Finch lane, Cornhill",,"https://cdm16445.contentdm.oclc.org/iiif/p16445coll4:27076/canvas/c675#xywh=2870,3845,1093,57",0003_p16445coll4:27076.jpg
BOOKSELLERS,Booksellers in General,p. 648 (scan 676),‖,General Stationers,Thomson T. D.,,27 Compton st. Brns. sq,,"https://cdm16445.contentdm.oclc.org/iiif/p16445coll4:27076/canvas/c675#xywh=2866,3910,1097,55",0003_p16445coll4:27076.jpg
BOOKSELLERS,Booksellers in General,p. 648 (scan 676),,,"Thorpe Thomas,",,178 Piccadilly,,"https://cdm16445.contentdm.oclc.org/iiif/p16445coll4:27076/canvas/c675#xywh=2868,3975,888,55",0003_p16445coll4:27076.jpg
BOOKSELLERS,Booksellers in General,p. 648 (scan 676),,,"Tichbourne Mrs. Susan,",,6 Nottingham st,,"https://cdm16445.contentdm.oclc.org/iiif/p16445coll4:27076/canvas/c675#xywh=2876,4032,1087,58",0003_p16445coll4:27076.jpg
BOOKSELLERS,Booksellers in General,p. 648 (scan 676),‖,General Stationers,"Tidd John,",,57 Goswell road,,"https://cdm16445.contentdm.oclc.org/iiif/p16445coll4:27076/canvas/c675#xywh=2874,4099,796,57",0003_p16445coll4:27076.jpg
BOOKSELLERS,Booksellers in General,p. 648 (scan 676),†¶,Publishers; Printsellers,"Tilt & Bogue,",,86 Fleet street,,"https://cdm16445.contentdm.oclc.org/iiif/p16445coll4:27076/canvas/c675#xywh=2873,4163,877,58",0003_p16445coll4:27076.jpg
BOOKSELLERS,Booksellers in General,p. 648 (scan 676),‖,General Stationers,"Treacher George,",,7 Torrington place,,"https://cdm16445.contentdm.oclc.org/iiif/p16445coll4:27076/canvas/c675#xywh=2874,4227,1041,57",0003_p16445coll4:27076.jpg
BOOKSELLERS,Booksellers in General,p. 648 (scan 676),c,Bookbinders,Trickett Geo.,,24 Gt. Smith st. Westmnr,,"https://cdm16445.contentdm.oclc.org/iiif/p16445coll4:27076/canvas/c675#xywh=2874,4294,1089,53",0003_p16445coll4:27076.jpg
BOOKSELLERS,Booksellers in General,p. 648 (scan 676),,,Truman Thos.,,23 Vine st. Hatton garden,,"https://cdm16445.contentdm.oclc.org/iiif/p16445coll4:27076/canvas/c675#xywh=2870,4357,1093,55",0003_p16445coll4:27076.jpg
BOOKSELLERS,Booksellers in General,p. 648 (scan 676),‖,General Stationers,"Tucker Richard,",,16 City road,,"https://cdm16445.contentdm.oclc.org/iiif/p16445coll4:27076/canvas/c675#xywh=2872,4422,865,54",0003_p16445coll4:27076.jpg
BOOKSELLERS,Booksellers in General,p. 648 (scan 676),‖,General Stationers,"Turner Caleb,",,"Church street, Hackney",,"https://cdm16445.contentdm.oclc.org/iiif/p16445coll4:27076/canvas/c675#xywh=2871,4487,1092,53",0003_p16445coll4:27076.jpg
BOOKSELLERS,Booksellers in General,p. 648 (scan 676),,,Turnour E. H.,,4 Charles st. Covent gar,,"https://cdm16445.contentdm.oclc.org/iiif/p16445coll4:27076/canvas/c675#xywh=2867,4550,1096,54",0003_p16445coll4:27076.jpg
BOOKSELLERS,Booksellers in General,p. 648 (scan 676),†,Publishers,"Tyas Robert,",,8 Paternoster row,,"https://cdm16445.contentdm.oclc.org/iiif/p16445coll4:27076/canvas/c675#xywh=2870,4613,912,56",0003_p16445coll4:27076.jpg
BOOKSELLERS,Booksellers in General,p. 648 (scan 676),†,Publishers,"Van Voorst John,",,1 Paternoster row,,"https://cdm16445.contentdm.oclc.org/iiif/p16445coll4:27076/canvas/c675#xywh=2871,4679,1034,54",0003_p16445coll4:27076.jpg
BOOKSELLERS,Booksellers in General,p. 648 (scan 676),‖b,General Stationers; Account-book makers,"Varden Wm. Henry,",,154 Boro' High st,,"https://cdm16445.contentdm.oclc.org/iiif/p16445coll4:27076/canvas/c675#xywh=2869,4740,1094,60",0003_p16445coll4:27076.jpg
BOOKSELLERS,Booksellers in General,p. 648 (scan 676),§,Librarians,Vickers Mrs. Mary A.,,7 Islington green,,"https://cdm16445.contentdm.oclc.org/iiif/p16445coll4:27076/canvas/c675#xywh=2867,4807,1094,55",0003_p16445coll4:27076.jpg
BOOKSELLERS,Booksellers in General,p. 648 (scan 676),§,Librarians,Vickers Mrs.E.A.,,11Barton st.Westmnr,,"https://cdm16445.contentdm.oclc.org/iiif/p16445coll4:27076/canvas/c675#xywh=2867,4871,1096,54",0003_p16445coll4:27076.jpg
BOOKSELLERS,Booksellers in General,p. 648 (scan 676),†,Publishers,"Virtue George,",,"26 Ivy lane, Newgate st",,"https://cdm16445.contentdm.oclc.org/iiif/p16445coll4:27076/canvas/c675#xywh=2868,4935,1094,56",0003_p16445coll4:27076.jpg
BOOKSELLERS,Booksellers in General,p. 648 (scan 676),,,"Virtue James,",,"3 Water street, Blackfrs",,"https://cdm16445.contentdm.oclc.org/iiif/p16445coll4:27076/canvas/c675#xywh=2866,4998,1088,54",0003_p16445coll4:27076.jpg
BOOKSELLERS,Booksellers in General,p. 648 (scan 676),,,Wacey J.,foreign,4 Old Broad street,,"https://cdm16445.contentdm.oclc.org/iiif/p16445coll4:27076/canvas/c675#xywh=2866,5060,1096,58",0003_p16445coll4:27076.jpg
BOOKSELLERS,Booksellers in General,p. 648 (scan 676),†,Publishers,Waight BrownlowJ.,,265 High Holborn,,"https://cdm16445.contentdm.oclc.org/iiif/p16445coll4:27076/canvas/c675#xywh=2866,5122,1092,60",0003_p16445coll4:27076.jpg
BOOKSELLERS,Booksellers in General,p. 648 (scan 676),‖,General Stationers,"Walker Mrs. Sophia,",,4 Carthusian st,,"https://cdm16445.contentdm.oclc.org/iiif/p16445coll4:27076/canvas/c675#xywh=2866,5191,1048,55",0003_p16445coll4:27076.jpg
BOOKSELLERS,Booksellers in General,p. 648 (scan 676),,,Walker Wm.,,9 Leathersellers' buildings,,"https://cdm16445.contentdm.oclc.org/iiif/p16445coll4:27076/canvas/c675#xywh=2866,5240,1076,74",0003_p16445coll4:27076.jpg
BOOKSELLERS,Booksellers in General,p. 648 (scan 676),†‖,Publishers; General Stationers,"Walker William,",,196 Strand,,"https://cdm16445.contentdm.oclc.org/iiif/p16445coll4:27076/canvas/c675#xywh=2866,5311,851,61",0003_p16445coll4:27076.jpg
BOOKSELLERS,Booksellers in General,p. 648 (scan 676),,,"Waller William,",,188 Fleet street,,"https://cdm16445.contentdm.oclc.org/iiif/p16445coll4:27076/canvas/c675#xywh=2866,5378,909,55",0003_p16445coll4:27076.jpg
BOOKSELLERS,Booksellers in General,p. 648 (scan 676),†,Publishers,Wallis E.,,42Skinnerst. & 32Hi.st.Islntn,,"https://cdm16445.contentdm.oclc.org/iiif/p16445coll4:27076/canvas/c675#xywh=2866,5438,1088,61",0003_p16445coll4:27076.jpg
BOOKSELLERS,Booksellers in General,p. 648 (scan 676),†,Publishers,Walter James & Co.,,91 Fleet street,,"https://cdm16445.contentdm.oclc.org/iiif/p16445coll4:27076/canvas/c675#xywh=2866,5504,988,56",0003_p16445coll4:27076.jpg
BOOKSELLERS,Booksellers in General,p. 648 (scan 676),‖a,General Stationers; Newsvenders,Walter Chas. D.,,13 East rd. City rd,,"https://cdm16445.contentdm.oclc.org/iiif/p16445coll4:27076/canvas/c675#xywh=2866,5565,1052,69",0003_p16445coll4:27076.jpg
BOOKSELLERS,Booksellers in General,p. 648 (scan 676),c,Bookbinders,Walter Wm.,,"7 Star alley, Fenchurch st",,"https://cdm16445.contentdm.oclc.org/iiif/p16445coll4:27076/canvas/c675#xywh=2866,5631,1085,61",0003_p16445coll4:27076.jpg
BOOKSELLERS,Booksellers in General,p. 648 (scan 676),,,Walther Dav.,foreign,42 Piccadilly,,"https://cdm16445.contentdm.oclc.org/iiif/p16445coll4:27076/canvas/c675#xywh=2866,5697,1087,58",0003_p16445coll4:27076.jpg
BOOKSELLERS,Booksellers in General,p. 648 (scan 676),‖,General Stationers,"Warcup William,",,"4 Broadway, Deptford",,"https://cdm16445.contentdm.oclc.org/iiif/p16445coll4:27076/canvas/c675#xywh=2866,5757,1089,64",0003_p16445coll4:27076.jpg
BOOKSELLERS,Booksellers in General,p. 648 (scan 676),†,Publishers,Ward Thos. & Co.,,27 Paternoster row,,"https://cdm16445.contentdm.oclc.org/iiif/p16445coll4:27076/canvas/c675#xywh=2866,5824,1064,57",0003_p16445coll4:27076.jpg
BOOKSELLERS,Booksellers in General,p. 648 (scan 676),,,Warner S.,,"6 Shepherdess walk, City rd",,"https://cdm16445.contentdm.oclc.org/iiif/p16445coll4:27076/canvas/c675#xywh=2866,5886,1076,64",0003_p16445coll4:27076.jpg
BOOKSELLERS,Booksellers in General,p. 648 (scan 676),†,Publishers,"Mardon John,",,7 Farringdon street,,"https://cdm16445.contentdm.oclc.org/iiif/p16445coll4:27076/canvas/c675#xywh=611,920,999,55",0003_p16445coll4:27076.jpg
BOOKSELLERS,Booksellers in General,p. 648 (scan 676),c‖a,Bookbinders; General Stationers; Newsvenders,Markwell John T.,,46 Gr.Titchfield st,,"https://cdm16445.contentdm.oclc.org/iiif/p16445coll4:27076/canvas/c675#xywh=607,1112,1186,54",0003_p16445coll4:27076.jpg
BOOKSELLERS,Booksellers in General,p. 648 (scan 676),§‖a,Librarians; General Stationers; Newsvenders,"Miland John,",,35Chapel st.Grosvenr.p,,"https://cdm16445.contentdm.oclc.org/iiif/p16445coll4:27076/canvas/c675#xywh=612,1996,1187,73",0003_p16445coll4:27076.jpg
BOOKSELLERS,Booksellers in General,p. 648 (scan 676),‡,Fancy Stationers,"Moore William,",,63 Bishopsgate within,,"https://cdm16445.contentdm.oclc.org/iiif/p16445coll4:27076/canvas/c675#xywh=608,2767,1149,58",0003_p16445coll4:27076.jpg
BOOKSELLERS,Booksellers in General,p. 648 (scan 676),†,Publishers,"Tanner Brothers,",,6 AmenCoruerP.N.rw,,"https://cdm16445.contentdm.oclc.org/iiif/p16445coll4:27076/canvas/c675#xywh=2876,3138,1115,60",0003_p16445coll4:27076.jpg
BOOKSELLERS,Booksellers in General,p. 648 (scan 676),‖b,General Stationers; Account-book makers,"Ollivier John,",,59 Pall mall,,"https://cdm16445.contentdm.oclc.org/iiif/p16445coll4:27076/canvas/c675#xywh=612,4478,816,60",0003_p16445coll4:27076.jpg
BOOKSELLERS,Booksellers in General,p. 648 (scan 676),a,Newsvenders,"Onwhyn Joseph,",,4 Catherine st. Strand,,"https://cdm16445.contentdm.oclc.org/iiif/p16445coll4:27076/canvas/c675#xywh=612,4540,1156,66",0003_p16445coll4:27076.jpg
BOOKSELLERS,Booksellers in General,p. 648 (scan 676),†‖,Publishers; General Stationers,Ostell Thos. & Co.,,83 Leadenhall st,,"https://cdm16445.contentdm.oclc.org/iiif/p16445coll4:27076/canvas/c675#xywh=601,4737,1076,62",0003_p16445coll4:27076.jpg
BOOKSELLERS,Booksellers in General,p. 648 (scan 676),§‖a,Librarians; General Stationers; Newsvenders,Paine Geo. R.,,46 High st. Marylebone,,"https://cdm16445.contentdm.oclc.org/iiif/p16445coll4:27076/canvas/c675#xywh=601,4801,1146,60",0003_p16445coll4:27076.jpg
BOOKSELLERS,Booksellers in General,p. 648 (scan 676),†*,Publishers; Printers,"Palmer E. & Son,",,18 Paternoster row,,"https://cdm16445.contentdm.oclc.org/iiif/p16445coll4:27076/canvas/c675#xywh=591,4928,1187,54",0003_p16445coll4:27076.jpg
BOOKSELLERS,Booksellers in General,p. 648 (scan 676),†‖,Publishers; General Stationers,"Smith, Elder & Co.",,65 Cornhill,,"https://cdm16445.contentdm.oclc.org/iiif/p16445coll4:27076/canvas/c675#xywh=2861,578,932,78",0003_p16445coll4:27076.jpg
BOOKSELLERS,Booksellers in General,p. 649 (scan 677),,,Warner Wm.,,43 Chapel st. Pentonville,,"https://cdm16445.contentdm.oclc.org/iiif/p16445coll4:27077/canvas/c676#xywh=535,527,1890,76",0004_p16445coll4:27077.jpg
BOOKSELLERS,Booksellers in General,p. 649 (scan 677),‖,General Stationers,Warren Henry T.,,8 Finsbury pavement,,"https://cdm16445.contentdm.oclc.org/iiif/p16445coll4:27077/canvas/c676#xywh=539,591,1943,77",0004_p16445coll4:27077.jpg
BOOKSELLERS,Booksellers in General,p. 649 (scan 677),,,"Warwick Mrs. Anne,",,2 Surrey st. Strand,,"https://cdm16445.contentdm.oclc.org/iiif/p16445coll4:27077/canvas/c676#xywh=546,664,2221,60",0004_p16445coll4:27077.jpg
BOOKSELLERS,Booksellers in General,p. 649 (scan 677),†,Publishers,"Washbourne Henry,",,48 Salisbury sq,,"https://cdm16445.contentdm.oclc.org/iiif/p16445coll4:27077/canvas/c676#xywh=538,731,2176,61",0004_p16445coll4:27077.jpg
BOOKSELLERS,Booksellers in General,p. 649 (scan 677),†,Publishers,"Watson James,",,15 City rd. Finsbury sq,,"https://cdm16445.contentdm.oclc.org/iiif/p16445coll4:27077/canvas/c676#xywh=538,790,2142,64",0004_p16445coll4:27077.jpg
BOOKSELLERS,Booksellers in General,p. 649 (scan 677),†,Publishers,"Weale John,",,59 High Holborn,,"https://cdm16445.contentdm.oclc.org/iiif/p16445coll4:27077/canvas/c676#xywh=538,860,955,57",0004_p16445coll4:27077.jpg
BOOKSELLERS,Booksellers in General,p. 649 (scan 677),†,Publishers,Weatherby E. & C. & J.,,7 Oxenden st,,"https://cdm16445.contentdm.oclc.org/iiif/p16445coll4:27077/canvas/c676#xywh=538,923,2229,58",0004_p16445coll4:27077.jpg
BOOKSELLERS,Booksellers in General,p. 649 (scan 677),¶,Printsellers,Weedon Hen.,,8 Primrose st. Bishopsgt,,"https://cdm16445.contentdm.oclc.org/iiif/p16445coll4:27077/canvas/c676#xywh=537,981,3384,71",0004_p16445coll4:27077.jpg
BOOKSELLERS,Booksellers in General,p. 649 (scan 677),†,Publishers,Wells Thos.,,"15 Crown row, Mile end rd",,"https://cdm16445.contentdm.oclc.org/iiif/p16445coll4:27077/canvas/c676#xywh=533,1048,2197,66",0004_p16445coll4:27077.jpg
BOOKSELLERS,Booksellers in General,p. 649 (scan 677),†,Publishers,Weston J.,,"3 New court, Little Bell alley",,"https://cdm16445.contentdm.oclc.org/iiif/p16445coll4:27077/canvas/c676#xywh=538,1179,3379,59",0004_p16445coll4:27077.jpg
BOOKSELLERS,Booksellers in General,p. 649 (scan 677),‖‡,General Stationers; Fancy Stationers,"Wheatley Miss Jane,",,50 Amwell street,,"https://cdm16445.contentdm.oclc.org/iiif/p16445coll4:27077/canvas/c676#xywh=533,1240,3312,68",0004_p16445coll4:27077.jpg
BOOKSELLERS,Booksellers in General,p. 649 (scan 677),,,Wheeler Mrs. E. S.,,15 Motcomb street,,"https://cdm16445.contentdm.oclc.org/iiif/p16445coll4:27077/canvas/c676#xywh=537,1306,2129,61",0004_p16445coll4:27077.jpg
BOOKSELLERS,Booksellers in General,p. 649 (scan 677),,,"Wheldon John,",,21 Warwick lane,,"https://cdm16445.contentdm.oclc.org/iiif/p16445coll4:27077/canvas/c676#xywh=538,1377,933,51",0004_p16445coll4:27077.jpg
BOOKSELLERS,Booksellers in General,p. 649 (scan 677),,,White G.,,35 Windmill st. Tottnm. ct. rd,,"https://cdm16445.contentdm.oclc.org/iiif/p16445coll4:27077/canvas/c676#xywh=537,1436,3376,60",0004_p16445coll4:27077.jpg
BOOKSELLERS,Booksellers in General,p. 649 (scan 677),,,"White Henry,",,350 Oxford street,,"https://cdm16445.contentdm.oclc.org/iiif/p16445coll4:27077/canvas/c676#xywh=534,1505,940,54",0004_p16445coll4:27077.jpg
BOOKSELLERS,Booksellers in General,p. 649 (scan 677),‖a,General Stationers; Newsvenders,"White John,",,"2 Devereux court, Strand",,"https://cdm16445.contentdm.oclc.org/iiif/p16445coll4:27077/canvas/c676#xywh=534,1564,2078,58",0004_p16445coll4:27077.jpg
BOOKSELLERS,Booksellers in General,p. 649 (scan 677),c,Bookbinders,"White William,",,89 Piccadilly,,"https://cdm16445.contentdm.oclc.org/iiif/p16445coll4:27077/canvas/c676#xywh=532,1628,906,60",0004_p16445coll4:27077.jpg
BOOKSELLERS,Booksellers in General,p. 649 (scan 677),†,Publishers,"Wightman George,",,24 Paternoster row,,"https://cdm16445.contentdm.oclc.org/iiif/p16445coll4:27077/canvas/c676#xywh=533,1757,1936,60",0004_p16445coll4:27077.jpg
BOOKSELLERS,Booksellers in General,p. 649 (scan 677),,,"Wilkes Francis,",,"16 Craven street, Strand",,"https://cdm16445.contentdm.oclc.org/iiif/p16445coll4:27077/canvas/c676#xywh=538,1825,1126,54",0004_p16445coll4:27077.jpg
BOOKSELLERS,Booksellers in General,p. 649 (scan 677),,,Wilkes John C.,,20 Bridge st. Southwark,,"https://cdm16445.contentdm.oclc.org/iiif/p16445coll4:27077/canvas/c676#xywh=538,1886,2264,54",0004_p16445coll4:27077.jpg
BOOKSELLERS,Booksellers in General,p. 649 (scan 677),†,Publishers,Wilkes Rt.,,22 Northumberland st. Strd,,"https://cdm16445.contentdm.oclc.org/iiif/p16445coll4:27077/canvas/c676#xywh=537,1949,3384,61",0004_p16445coll4:27077.jpg
BOOKSELLERS,Booksellers in General,p. 649 (scan 677),,,"Williams Daniel,",,44 Holywell st. Strand,,"https://cdm16445.contentdm.oclc.org/iiif/p16445coll4:27077/canvas/c676#xywh=534,2015,1134,54",0004_p16445coll4:27077.jpg
BOOKSELLERS,Booksellers in General,p. 649 (scan 677),,,Williams Edw.P.,,5 New Bridge st.Blkfrs,,"https://cdm16445.contentdm.oclc.org/iiif/p16445coll4:27077/canvas/c676#xywh=534,2077,1134,55",0004_p16445coll4:27077.jpg
BOOKSELLERS,Booksellers in General,p. 649 (scan 677),†,Publishers,Willis Geo.,,37 Princes st. Leicester sq,,"https://cdm16445.contentdm.oclc.org/iiif/p16445coll4:27077/canvas/c676#xywh=537,2203,3388,63",0004_p16445coll4:27077.jpg
BOOKSELLERS,Booksellers in General,p. 649 (scan 677),¶,Printsellers,"Wilson Effingham,",,18Bishopsgatewithin,,"https://cdm16445.contentdm.oclc.org/iiif/p16445coll4:27077/canvas/c676#xywh=538,2269,3363,60",0004_p16445coll4:27077.jpg
BOOKSELLERS,Booksellers in General,p. 649 (scan 677),‖†,General Stationers; Publishers,"Wilson Charles,",,157 Leadenhall street,,"https://cdm16445.contentdm.oclc.org/iiif/p16445coll4:27077/canvas/c676#xywh=538,2333,3382,60",0004_p16445coll4:27077.jpg
BOOKSELLERS,Booksellers in General,p. 649 (scan 677),†*¶a,Publishers; Printers; Printsellers; Newsvenders,"Wilson John,",,78 Long acre,,"https://cdm16445.contentdm.oclc.org/iiif/p16445coll4:27077/canvas/c676#xywh=534,2394,906,60",0004_p16445coll4:27077.jpg
BOOKSELLERS,Booksellers in General,p. 649 (scan 677),‖a,General Stationers; Newsvenders,"Wilson John,",,51 Lisson grove north,,"https://cdm16445.contentdm.oclc.org/iiif/p16445coll4:27077/canvas/c676#xywh=538,2457,3382,59",0004_p16445coll4:27077.jpg
BOOKSELLERS,Booksellers in General,p. 649 (scan 677),,,Wilson Mrs. Margt.,,50 Basinghall street,,"https://cdm16445.contentdm.oclc.org/iiif/p16445coll4:27077/canvas/c676#xywh=538,2525,3333,56",0004_p16445coll4:27077.jpg
BOOKSELLERS,Booksellers in General,p. 649 (scan 677),†,Publishers,"Wix Henry,",,41 New Bridge st.Blackfrs,,"https://cdm16445.contentdm.oclc.org/iiif/p16445coll4:27077/canvas/c676#xywh=534,2585,3383,60",0004_p16445coll4:27077.jpg
BOOKSELLERS,Booksellers in General,p. 649 (scan 677),†,Publishers,Wood Wm.,,39 Tavistock st. Covent gar,,"https://cdm16445.contentdm.oclc.org/iiif/p16445coll4:27077/canvas/c676#xywh=534,2650,3083,56",0004_p16445coll4:27077.jpg
BOOKSELLERS,Booksellers in General,p. 649 (scan 677),¶‡,Printsellers; Fancy Stationers,Woolf Hen.,,42 Up.Berkeley st.Port.sq,,"https://cdm16445.contentdm.oclc.org/iiif/p16445coll4:27077/canvas/c676#xywh=538,2714,3306,56",0004_p16445coll4:27077.jpg
BOOKSELLERS,Booksellers in General,p. 649 (scan 677),†*,Publishers; Printers,Wright Wm.,,13 Prospect pl.St.Geo.rd,,"https://cdm16445.contentdm.oclc.org/iiif/p16445coll4:27077/canvas/c676#xywh=534,2840,3250,59",0004_p16445coll4:27077.jpg
BOOKSELLERS,Booksellers in General,p. 649 (scan 677),†,Publishers,Wright William C.,,4 Paternoster row,,"https://cdm16445.contentdm.oclc.org/iiif/p16445coll4:27077/canvas/c676#xywh=534,2905,3318,55",0004_p16445coll4:27077.jpg
BOOKSELLERS,Booksellers in General,p. 649 (scan 677),,,"Yates James,",,141 Goswell street,,"https://cdm16445.contentdm.oclc.org/iiif/p16445coll4:27077/canvas/c676#xywh=542,2969,925,54",0004_p16445coll4:27077.jpg
BOOKSELLERS,Booksellers in General,p. 649 (scan 677),a,Newsvenders,"Young Richard,",,7 York st. Sloane st,,"https://cdm16445.contentdm.oclc.org/iiif/p16445coll4:27077/canvas/c676#xywh=523,3032,1065,55",0004_p16445coll4:27077.jpg
BOOKSELLERS,Booksellers in General,p. 649 (scan 677),†,Publishers,"Wertheim Benjamin,",,14 Paternoster row,,https://cdm16445.contentdm.oclc.org/iiif/p16445coll4:27077/canvas/c676,0004_p16445coll4:27077.jpg
BOOKSELLERS,Booksellers in General,p. 649 (scan 677),†,Publishers,Whittaker G. B.&Co.,,13 Ave Maria lane,,https://cdm16445.contentdm.oclc.org/iiif/p16445coll4:27077/canvas/c676,0004_p16445coll4:27077.jpg
BOOKSELLERS,Booksellers in General,p. 649 (scan 677),†,Publishers,"Williams John,",,44 Paternoster row,,https://cdm16445.contentdm.oclc.org/iiif/p16445coll4:27077/canvas/c676,0004_p16445coll4:27077.jpg
BOOKSELLERS,Booksellers in General,p. 649 (scan 677),†‡,Publishers; Fancy Stationers,Wright William N.,,60 Pall mall,,https://cdm16445.contentdm.oclc.org/iiif/p16445coll4:27077/canvas/c676,0004_p16445coll4:27077.jpg
BOOKSELLERS,Booksellers in General,p. 649 (scan 677),,,"Homan & Hearne,",,25 Skinner st. Snwhll,,"https://cdm16445.contentdm.oclc.org/iiif/p16445coll4:27077/canvas/c676#xywh=544,5795,3112,72",0004_p16445coll4:27077.jpg
BOOKSELLERS,Booksellers in General,p. 649 (scan 677),,,"Hoppe John,",,156 Minories,,https://cdm16445.contentdm.oclc.org/iiif/p16445coll4:27077/canvas/c676,0004_p16445coll4:27077.jpg
BOOKSELLERS,Booksellers in General,p. 649 (scan 677),†,Publishers,"Joseph Joshua,",,30 Minories,,https://cdm16445.contentdm.oclc.org/iiif/p16445coll4:27077/canvas/c676,0004_p16445coll4:27077.jpg
BOOKSELLERS,Booksellers in General,p. 649 (scan 677),,,"Kemmish William,",,16 Lowther arcade,,https://cdm16445.contentdm.oclc.org/iiif/p16445coll4:27077/canvas/c676,0004_p16445coll4:27077.jpg
BOOKSELLERS,Booksellers in General,p. 649 (scan 677),,,"Laughton James,",,46 Mansell street,,https://cdm16445.contentdm.oclc.org/iiif/p16445coll4:27077/canvas/c676,0004_p16445coll4:27077.jpg
BOOKSELLERS,Booksellers in General,p. 649 (scan 677),,,"Magnus Mrs. Rosetta,",,54 Houndsditch,,https://cdm16445.contentdm.oclc.org/iiif/p16445coll4:27077/canvas/c676,0004_p16445coll4:27077.jpg
BOOKSELLERS,Booksellers in General,p. 649 (scan 677),§,Librarians,Mathews H.,,47 Gt.St.Andrew st. 7 Dials,,https://cdm16445.contentdm.oclc.org/iiif/p16445coll4:27077/canvas/c676,0004_p16445coll4:27077.jpg
BOOKSELLERS,Booksellers in General,p. 649 (scan 677),,,"Mayo Fred. Richard,",,99 London wall,,https://cdm16445.contentdm.oclc.org/iiif/p16445coll4:27077/canvas/c676,0004_p16445coll4:27077.jpg
BOOKSELLERS,Booksellers in General,p. 649 (scan 677),,,Miller Geo.,,13 Skinner st. Snowhill,,https://cdm16445.contentdm.oclc.org/iiif/p16445coll4:27077/canvas/c676,0004_p16445coll4:27077.jpg
BOOKSELLERS,Booksellers in General,p. 649 (scan 677),,,Nichols Wm.,,130 St. John's st. Smthfld,,https://cdm16445.contentdm.oclc.org/iiif/p16445coll4:27077/canvas/c676,0004_p16445coll4:27077.jpg
BOOKSELLERS,Booksellers in General,p. 649 (scan 677),,,Pearcy Jas.,,105 St. John st. Smithfield,,https://cdm16445.contentdm.oclc.org/iiif/p16445coll4:27077/canvas/c676,0004_p16445coll4:27077.jpg
BOOKSELLERS,Booksellers in General,p. 649 (scan 677),,,"Sammell John,",,13 Ironmonger lane,,https://cdm16445.contentdm.oclc.org/iiif/p16445coll4:27077/canvas/c676,0004_p16445coll4:27077.jpg
BOOKSELLERS,Booksellers in General,p. 649 (scan 677),,,Snell J. W.,,7 Mount pi. Whitechapel rd,,https://cdm16445.contentdm.oclc.org/iiif/p16445coll4:27077/canvas/c676,0004_p16445coll4:27077.jpg
BOOKSELLERS,Booksellers in General,p. 649 (scan 677),,,Swift R. & Co.,,1 Hardwick place,,https://cdm16445.contentdm.oclc.org/iiif/p16445coll4:27077/canvas/c676,0004_p16445coll4:27077.jpg
BOOKSELLERS,Booksellers in General,p. 649 (scan 677),†,Publishers,Toby Joh.,,55 St. Thomas pl.Gt.Dvr.rd.,,https://cdm16445.contentdm.oclc.org/iiif/p16445coll4:27077/canvas/c676,0004_p16445coll4:27077.jpg
BOOKSELLERS,Booksellers in General,p. 649 (scan 677),†,Publishers,"Wood Joseph,",,10 Wellington street,,https://cdm16445.contentdm.oclc.org/iiif/p16445coll4:27077/canvas/c676,0004_p16445coll4:27077.jpg
BOOKSELLERS,Booksellers in General,p. 649 (scan 677),†,Publishers,"Worms Henry,",,39 Minories,,https://cdm16445.contentdm.oclc.org/iiif/p16445coll4:27077/canvas/c676,0004_p16445coll4:27077.jpg
